date,centre_id,nb_colis_entree,nb_colis_sortie,volume_moyen
2023-01-01,1,730,645,1.29
2023-01-02,1,1016,914,1.41
2023-01-03,1,1045,951,1.97
2023-01-04,1,1025,899,2.15
2023-01-05,1,941,853,3.53
2023-01-06,1,1045,964,2.06
2023-01-07,1,725,679,2.02
2023-01-08,1,659,591,1.46
2023-01-09,1,995,895,2.52
2023-01-10,1,981,912,2.01
2023-01-11,1,962,873,2.24
2023-01-12,1,961,867,2.53
2023-01-13,1,959,842,1.24
2023-01-14,1,701,619,1.95
2023-01-15,1,677,616,2.04
2023-01-16,1,1027,904,2.45
2023-01-17,1,905,792,1.44
2023-01-18,1,1002,929,1.69
2023-01-19,1,955,842,2.15
2023-01-20,1,985,903,1.76
2023-01-21,1,698,614,2.05
2023-01-22,1,642,572,1.42
2023-01-23,1,1027,912,2.5
2023-01-24,1,976,893,2.18
2023-01-25,1,1029,972,1.61
2023-01-26,1,1029,910,0.97
2023-01-27,1,974,891,1.68
2023-01-28,1,758,714,2.42
2023-01-29,1,702,615,1.56
2023-01-30,1,943,854,2.29
2023-01-31,1,955,860,1.48
2023-02-01,1,991,901,1.08
2023-02-02,1,965,899,1.72
2023-02-03,1,944,851,1.72
2023-02-04,1,732,640,2.22
2023-02-05,1,631,559,2.53
2023-02-06,1,1018,915,1.59
2023-02-07,1,1018,902,2.23
2023-02-08,1,1099,1030,1.67
2023-02-09,1,1009,907,1.65
2023-02-10,1,1007,948,1.51
2023-02-11,1,659,589,0.8
2023-02-12,1,767,661,2.74
2023-02-13,1,1026,873,1.72
2023-02-14,1,1041,914,1.71
2023-02-15,1,1009,881,2.17
2023-02-16,1,999,919,1.73
2023-02-17,1,993,880,1.96
2023-02-18,1,620,577,1.93
2023-02-19,1,699,616,2.42
2023-02-20,1,968,872,2.38
2023-02-21,1,1045,929,2.01
2023-02-22,1,953,847,1.97
2023-02-23,1,953,873,2.27
2023-02-24,1,942,833,2.54
2023-02-25,1,661,603,1.68
2023-02-26,1,697,639,1.85
2023-02-27,1,1019,930,2.5
2023-02-28,1,1060,942,2.0
2023-03-01,1,946,848,1.87
2023-03-02,1,1021,947,1.45
2023-03-03,1,941,863,2.18
2023-03-04,1,726,653,2.34
2023-03-05,1,642,584,2.1
2023-03-06,1,1015,930,2.18
2023-03-07,1,958,873,2.3
2023-03-08,1,998,917,2.35
2023-03-09,1,906,790,1.01
2023-03-10,1,998,870,1.75
2023-03-11,1,647,576,1.73
2023-03-12,1,637,570,2.27
2023-03-13,1,927,829,0.62
2023-03-14,1,987,872,2.09
2023-03-15,1,931,849,1.86
2023-03-16,1,999,926,1.52
2023-03-17,1,955,842,1.4
2023-03-18,1,774,709,1.15
2023-03-19,1,740,641,1.55
2023-03-20,1,989,871,2.69
2023-03-21,1,993,873,2.76
2023-03-22,1,1018,910,2.92
2023-03-23,1,998,886,2.29
2023-03-24,1,972,867,2.18
2023-03-25,1,721,643,1.94
2023-03-26,1,684,612,2.13
2023-03-27,1,910,782,1.93
2023-03-28,1,1009,918,2.44
2023-03-29,1,1044,916,1.53
2023-03-30,1,983,894,1.24
2023-03-31,1,1010,910,1.66
2023-04-01,1,673,577,2.36
2023-04-02,1,687,599,1.78
2023-04-03,1,923,809,1.92
2023-04-04,1,1018,920,1.7
2023-04-05,1,991,893,1.88
2023-04-06,1,942,830,2.69
2023-04-07,1,910,823,1.43
2023-04-08,1,658,581,2.32
2023-04-09,1,715,654,2.08
2023-04-10,1,971,865,2.57
2023-04-11,1,924,822,1.0
2023-04-12,1,949,839,2.49
2023-04-13,1,959,866,2.47
2023-04-14,1,970,865,1.87
2023-04-15,1,596,526,1.22
2023-04-16,1,693,602,2.31
2023-04-17,1,970,862,2.39
2023-04-18,1,1064,968,1.38
2023-04-19,1,967,875,2.36
2023-04-20,1,910,816,0.85
2023-04-21,1,967,888,2.62
2023-04-22,1,628,571,2.16
2023-04-23,1,742,657,2.31
2023-04-24,1,905,797,1.19
2023-04-25,1,1054,971,1.6
2023-04-26,1,1007,911,2.04
2023-04-27,1,967,877,2.4
2023-04-28,1,996,907,1.89
2023-04-29,1,680,622,1.91
2023-04-30,1,718,627,1.67
2023-05-01,1,1001,882,2.15
2023-05-02,1,997,880,2.38
2023-05-03,1,1044,955,2.39
2023-05-04,1,1035,890,1.54
2023-05-05,1,1000,931,2.03
2023-05-06,1,718,635,2.35
2023-05-07,1,745,651,1.57
2023-05-08,1,1005,899,1.1
2023-05-09,1,959,854,3.14
2023-05-10,1,907,828,2.52
2023-05-11,1,979,866,2.29
2023-05-12,1,908,833,2.23
2023-05-13,1,681,611,1.87
2023-05-14,1,646,584,1.69
2023-05-15,1,963,857,2.35
2023-05-16,1,905,828,2.72
2023-05-17,1,1024,932,1.18
2023-05-18,1,984,882,2.2
2023-05-19,1,950,812,1.67
2023-05-20,1,692,623,1.99
2023-05-21,1,695,620,2.19
2023-05-22,1,873,792,2.59
2023-05-23,1,969,892,2.05
2023-05-24,1,1015,924,2.02
2023-05-25,1,1025,930,2.1
2023-05-26,1,1009,920,1.84
2023-05-27,1,669,608,2.34
2023-05-28,1,715,620,1.67
2023-05-29,1,1024,952,2.22
2023-05-30,1,1037,951,3.0
2023-05-31,1,997,897,1.38
2023-06-01,1,915,816,1.95
2023-06-02,1,807,721,1.7
2023-06-03,1,586,525,0.63
2023-06-04,1,658,599,1.56
2023-06-05,1,860,759,2.47
2023-06-06,1,908,832,1.31
2023-06-07,1,895,789,1.91
2023-06-08,1,923,854,2.68
2023-06-09,1,990,877,1.54
2023-06-10,1,616,565,2.24
2023-06-11,1,621,556,1.31
2023-06-12,1,748,662,2.26
2023-06-13,1,941,884,2.27
2023-06-14,1,841,785,2.45
2023-06-15,1,941,847,2.56
2023-06-16,1,838,747,1.59
2023-06-17,1,630,544,2.62
2023-06-18,1,682,616,2.29
2023-06-19,1,996,895,2.1
2023-06-20,1,822,728,1.26
2023-06-21,1,910,831,2.37
2023-06-22,1,807,697,2.78
2023-06-23,1,889,825,2.26
2023-06-24,1,642,558,1.71
2023-06-25,1,605,545,1.55
2023-06-26,1,925,835,2.22
2023-06-27,1,897,833,2.41
2023-06-28,1,938,822,2.18
2023-06-29,1,836,750,1.2
2023-06-30,1,871,773,1.99
2023-07-01,1,601,536,2.51
2023-07-02,1,609,544,2.07
2023-07-03,1,867,790,2.85
2023-07-04,1,831,735,1.84
2023-07-05,1,885,780,1.45
2023-07-06,1,864,764,2.3
2023-07-07,1,885,789,2.39
2023-07-08,1,673,605,2.45
2023-07-09,1,589,512,2.59
2023-07-10,1,887,778,1.41
2023-07-11,1,920,802,2.55
2023-07-12,1,926,805,1.62
2023-07-13,1,907,815,1.41
2023-07-14,1,911,826,2.33
2023-07-15,1,641,580,1.78
2023-07-16,1,601,539,1.58
2023-07-17,1,855,795,1.65
2023-07-18,1,922,824,1.58
2023-07-19,1,916,831,1.22
2023-07-20,1,861,741,1.26
2023-07-21,1,864,776,2.3
2023-07-22,1,629,570,1.06
2023-07-23,1,633,561,1.69
2023-07-24,1,929,825,2.24
2023-07-25,1,863,763,1.97
2023-07-26,1,848,758,1.52
2023-07-27,1,911,826,2.46
2023-07-28,1,927,865,2.55
2023-07-29,1,582,526,2.18
2023-07-30,1,631,555,2.5
2023-07-31,1,963,868,3.1
2023-08-01,1,895,805,2.06
2023-08-02,1,916,806,1.61
2023-08-03,1,874,811,2.48
2023-08-04,1,841,773,2.56
2023-08-05,1,602,548,1.84
2023-08-06,1,619,567,2.25
2023-08-07,1,822,740,2.12
2023-08-08,1,856,759,2.76
2023-08-09,1,902,800,2.07
2023-08-10,1,873,749,1.69
2023-08-11,1,913,820,1.32
2023-08-12,1,642,580,3.3
2023-08-13,1,553,492,1.59
2023-08-14,1,971,869,1.72
2023-08-15,1,757,686,1.24
2023-08-16,1,896,811,2.35
2023-08-17,1,823,733,3.24
2023-08-18,1,820,766,1.26
2023-08-19,1,608,574,1.78
2023-08-20,1,612,538,1.84
2023-08-21,1,927,817,1.56
2023-08-22,1,919,841,2.58
2023-08-23,1,915,826,1.69
2023-08-24,1,927,844,2.58
2023-08-25,1,921,836,1.07
2023-08-26,1,686,606,2.47
2023-08-27,1,686,620,1.32
2023-08-28,1,892,811,1.81
2023-08-29,1,867,784,2.28
2023-08-30,1,876,798,1.77
2023-08-31,1,894,785,2.87
2023-09-01,1,990,913,1.82
2023-09-02,1,585,537,2.65
2023-09-03,1,732,677,1.63
2023-09-04,1,993,909,1.75
2023-09-05,1,1016,926,1.3
2023-09-06,1,908,810,2.04
2023-09-07,1,1010,897,1.06
2023-09-08,1,928,836,2.06
2023-09-09,1,683,619,2.71
2023-09-10,1,675,605,2.02
2023-09-11,1,1091,1004,2.71
2023-09-12,1,987,874,2.51
2023-09-13,1,985,891,2.31
2023-09-14,1,1016,933,2.35
2023-09-15,1,1040,937,1.48
2023-09-16,1,704,629,2.77
2023-09-17,1,691,639,2.57
2023-09-18,1,1039,958,1.51
2023-09-19,1,992,880,2.82
2023-09-20,1,945,787,1.4
2023-09-21,1,984,891,1.31
2023-09-22,1,945,835,1.83
2023-09-23,1,780,709,2.18
2023-09-24,1,719,644,3.03
2023-09-25,1,971,869,2.1
2023-09-26,1,1034,938,2.69
2023-09-27,1,965,861,1.57
2023-09-28,1,980,882,0.92
2023-09-29,1,977,879,2.49
2023-09-30,1,721,656,1.98
2023-10-01,1,673,591,1.49
2023-10-02,1,938,807,2.17
2023-10-03,1,1000,911,2.61
2023-10-04,1,1023,918,2.18
2023-10-05,1,1056,935,1.65
2023-10-06,1,1022,900,1.86
2023-10-07,1,716,631,1.89
2023-10-08,1,708,626,2.17
2023-10-09,1,1012,922,2.17
2023-10-10,1,953,867,2.24
2023-10-11,1,1016,914,2.4
2023-10-12,1,1039,895,1.7
2023-10-13,1,1050,965,1.65
2023-10-14,1,657,589,2.01
2023-10-15,1,736,639,2.21
2023-10-16,1,944,847,0.74
2023-10-17,1,978,821,2.44
2023-10-18,1,970,882,2.66
2023-10-19,1,1013,929,1.64
2023-10-20,1,933,857,1.86
2023-10-21,1,698,625,1.39
2023-10-22,1,707,616,1.87
2023-10-23,1,955,829,2.03
2023-10-24,1,937,855,1.81
2023-10-25,1,907,809,1.62
2023-10-26,1,1026,918,2.59
2023-10-27,1,952,855,2.14
2023-10-28,1,711,632,1.97
2023-10-29,1,723,643,1.64
2023-10-30,1,982,868,1.6
2023-10-31,1,1003,905,1.59
2023-11-01,1,1261,1163,1.9
2023-11-02,1,1285,1147,1.3
2023-11-03,1,1259,1111,2.03
2023-11-04,1,947,853,1.91
2023-11-05,1,834,759,1.62
2023-11-06,1,1194,1072,1.81
2023-11-07,1,1215,1057,0.72
2023-11-08,1,1243,1105,2.3
2023-11-09,1,1292,1188,1.57
2023-11-10,1,1405,1276,2.42
2023-11-11,1,936,849,1.91
2023-11-12,1,881,787,2.45
2023-11-13,1,1351,1228,1.4
2023-11-14,1,1246,1171,2.91
2023-11-15,1,1332,1167,1.37
2023-11-16,1,1216,1102,0.47
2023-11-17,1,1304,1188,1.9
2023-11-18,1,886,750,1.92
2023-11-19,1,796,736,1.27
2023-11-20,1,1335,1234,2.47
2023-11-21,1,1373,1253,2.35
2023-11-22,1,1355,1217,1.96
2023-11-23,1,1250,1106,1.69
2023-11-24,1,1373,1277,1.17
2023-11-25,1,944,836,1.86
2023-11-26,1,947,848,1.81
2023-11-27,1,1320,1186,2.03
2023-11-28,1,1244,1120,2.16
2023-11-29,1,1348,1201,2.44
2023-11-30,1,1184,1037,1.8
2023-12-01,1,1253,1110,1.3
2023-12-02,1,837,730,2.45
2023-12-03,1,936,840,2.1
2023-12-04,1,1368,1240,2.23
2023-12-05,1,1271,1158,2.14
2023-12-06,1,1192,1086,2.79
2023-12-07,1,1183,1068,1.9
2023-12-08,1,1369,1191,1.3
2023-12-09,1,943,819,1.51
2023-12-10,1,909,823,2.22
2023-12-11,1,1171,1082,1.41
2023-12-12,1,1203,1119,1.63
2023-12-13,1,1314,1211,1.76
2023-12-14,1,1362,1226,2.32
2023-12-15,1,1263,1133,1.65
2023-12-16,1,974,871,2.27
2023-12-17,1,986,879,2.05
2023-12-18,1,1305,1167,0.94
2023-12-19,1,1322,1228,1.77
2023-12-20,1,1153,1035,2.5
2023-12-21,1,1337,1241,2.29
2023-12-22,1,1322,1166,1.83
2023-12-23,1,948,853,1.63
2023-12-24,1,820,718,1.88
2023-12-25,1,1287,1156,2.67
2023-12-26,1,1364,1269,2.12
2023-12-27,1,1273,1168,1.79
2023-12-28,1,1237,1107,1.68
2023-12-29,1,1392,1241,1.28
2023-12-30,1,842,784,3.18
2023-12-31,1,880,799,2.4
2024-01-01,1,1017,929,2.76
2024-01-02,1,937,826,2.19
2024-01-03,1,1054,923,2.16
2024-01-04,1,993,859,2.13
2024-01-05,1,1107,977,2.46
2024-01-06,1,703,624,2.65
2024-01-07,1,677,608,2.31
2024-01-08,1,1127,999,3.0
2024-01-09,1,1069,984,1.89
2024-01-10,1,1066,933,2.09
2024-01-11,1,1056,942,1.99
2024-01-12,1,956,874,1.97
2024-01-13,1,673,592,1.68
2024-01-14,1,686,615,2.59
2024-01-15,1,996,901,2.13
2024-01-16,1,952,875,1.53
2024-01-17,1,1023,928,0.94
2024-01-18,1,962,869,2.15
2024-01-19,1,1006,898,2.42
2024-01-20,1,687,606,2.13
2024-01-21,1,694,650,1.74
2024-01-22,1,986,864,1.05
2024-01-23,1,984,868,1.96
2024-01-24,1,1070,961,2.13
2024-01-25,1,1020,884,2.21
2024-01-26,1,1043,923,1.29
2024-01-27,1,725,636,2.3
2024-01-28,1,715,636,2.28
2024-01-29,1,971,885,2.99
2024-01-30,1,1071,957,1.49
2024-01-31,1,1043,949,1.54
2024-02-01,1,1020,927,1.12
2024-02-02,1,983,857,1.57
2024-02-03,1,738,656,2.07
2024-02-04,1,695,601,1.69
2024-02-05,1,934,826,2.34
2024-02-06,1,990,867,1.72
2024-02-07,1,953,858,1.54
2024-02-08,1,968,851,2.28
2024-02-09,1,994,915,1.61
2024-02-10,1,717,598,1.12
2024-02-11,1,649,583,2.85
2024-02-12,1,963,832,1.4
2024-02-13,1,1052,943,2.77
2024-02-14,1,1069,962,2.2
2024-02-15,1,981,891,0.98
2024-02-16,1,1076,1010,1.87
2024-02-17,1,673,603,1.6
2024-02-18,1,679,618,2.68
2024-02-19,1,941,826,1.63
2024-02-20,1,994,887,1.11
2024-02-21,1,984,888,1.72
2024-02-22,1,1087,1006,1.82
2024-02-23,1,1015,939,2.37
2024-02-24,1,703,641,1.83
2024-02-25,1,707,656,2.08
2024-02-26,1,953,879,3.08
2024-02-27,1,967,876,2.43
2024-02-28,1,988,911,1.54
2024-02-29,1,983,889,2.66
2024-03-01,1,1078,936,1.93
2024-03-02,1,754,692,1.46
2024-03-03,1,660,602,2.36
2024-03-04,1,1001,910,1.31
2024-03-05,1,1028,903,0.96
2024-03-06,1,979,830,2.18
2024-03-07,1,952,892,2.39
2024-03-08,1,954,855,1.87
2024-03-09,1,684,652,2.37
2024-03-10,1,686,603,1.83
2024-03-11,1,978,866,2.25
2024-03-12,1,1032,946,1.9
2024-03-13,1,911,778,1.83
2024-03-14,1,930,854,1.75
2024-03-15,1,961,882,1.94
2024-03-16,1,634,543,2.6
2024-03-17,1,695,612,2.76
2024-03-18,1,997,868,2.43
2024-03-19,1,1071,962,2.61
2024-03-20,1,967,887,2.76
2024-03-21,1,1036,968,2.08
2024-03-22,1,972,873,2.47
2024-03-23,1,666,597,1.99
2024-03-24,1,662,600,1.64
2024-03-25,1,995,895,1.15
2024-03-26,1,991,877,1.71
2024-03-27,1,981,899,2.39
2024-03-28,1,949,854,2.11
2024-03-29,1,958,868,3.05
2024-03-30,1,697,642,2.76
2024-03-31,1,687,612,0.96
2024-04-01,1,946,850,1.1
2024-04-02,1,955,848,2.28
2024-04-03,1,855,776,1.66
2024-04-04,1,1004,877,2.16
2024-04-05,1,921,835,3.32
2024-04-06,1,649,569,1.64
2024-04-07,1,674,604,2.32
2024-04-08,1,996,897,0.88
2024-04-09,1,948,836,2.18
2024-04-10,1,1050,918,1.86
2024-04-11,1,989,892,3.2
2024-04-12,1,1020,926,2.55
2024-04-13,1,674,634,1.49
2024-04-14,1,665,624,3.12
2024-04-15,1,919,808,1.86
2024-04-16,1,1024,915,1.18
2024-04-17,1,1023,914,1.75
2024-04-18,1,1021,917,2.35
2024-04-19,1,939,844,1.95
2024-04-20,1,703,631,2.59
2024-04-21,1,727,675,2.55
2024-04-22,1,946,857,1.7
2024-04-23,1,917,834,2.86
2024-04-24,1,955,848,1.41
2024-04-25,1,980,896,1.46
2024-04-26,1,1014,900,1.71
2024-04-27,1,711,606,1.96
2024-04-28,1,727,658,1.68
2024-04-29,1,992,912,1.19
2024-04-30,1,1004,915,1.55
2024-05-01,1,946,861,1.6
2024-05-02,1,933,838,1.61
2024-05-03,1,993,906,1.91
2024-05-04,1,768,677,1.56
2024-05-05,1,626,570,2.99
2024-05-06,1,986,892,2.54
2024-05-07,1,974,869,2.45
2024-05-08,1,942,855,1.59
2024-05-09,1,950,840,1.32
2024-05-10,1,1055,967,1.84
2024-05-11,1,679,600,2.0
2024-05-12,1,661,598,1.87
2024-05-13,1,900,814,1.63
2024-05-14,1,1020,943,1.23
2024-05-15,1,985,878,2.49
2024-05-16,1,894,792,2.63
2024-05-17,1,1021,945,2.4
2024-05-18,1,684,616,1.84
2024-05-19,1,742,691,1.95
2024-05-20,1,988,874,1.11
2024-05-21,1,995,903,2.21
2024-05-22,1,1054,943,2.44
2024-05-23,1,1023,968,1.88
2024-05-24,1,985,872,2.26
2024-05-25,1,684,613,2.43
2024-05-26,1,637,584,2.07
2024-05-27,1,919,800,2.07
2024-05-28,1,936,859,1.61
2024-05-29,1,965,901,2.69
2024-05-30,1,1040,935,1.71
2024-05-31,1,1027,925,2.65
2024-06-01,1,613,577,2.44
2024-06-02,1,583,535,1.86
2024-06-03,1,829,723,1.99
2024-06-04,1,849,755,1.78
2024-06-05,1,791,706,2.23
2024-06-06,1,876,791,2.06
2024-06-07,1,895,789,2.04
2024-06-08,1,632,559,1.76
2024-06-09,1,612,545,2.86
2024-06-10,1,895,795,2.2
2024-06-11,1,847,786,3.4
2024-06-12,1,873,766,2.09
2024-06-13,1,840,758,2.47
2024-06-14,1,886,796,2.13
2024-06-15,1,666,600,1.98
2024-06-16,1,666,589,2.37
2024-06-17,1,913,827,2.07
2024-06-18,1,953,873,1.75
2024-06-19,1,932,865,2.26
2024-06-20,1,897,808,2.05
2024-06-21,1,941,862,2.14
2024-06-22,1,613,548,2.23
2024-06-23,1,621,574,1.25
2024-06-24,1,866,777,2.73
2024-06-25,1,856,805,2.43
2024-06-26,1,849,742,1.97
2024-06-27,1,925,830,2.63
2024-06-28,1,900,815,2.36
2024-06-29,1,636,562,1.52
2024-06-30,1,600,562,2.03
2024-07-01,1,889,790,2.21
2024-07-02,1,993,902,1.43
2024-07-03,1,898,816,2.1
2024-07-04,1,880,791,2.02
2024-07-05,1,833,735,2.21
2024-07-06,1,620,554,2.65
2024-07-07,1,624,531,1.79
2024-07-08,1,843,759,1.43
2024-07-09,1,953,817,2.13
2024-07-10,1,831,765,1.98
2024-07-11,1,951,856,1.6
2024-07-12,1,891,835,2.03
2024-07-13,1,648,599,1.95
2024-07-14,1,573,525,2.29
2024-07-15,1,910,832,2.13
2024-07-16,1,923,840,1.36
2024-07-17,1,821,746,2.95
2024-07-18,1,858,784,2.36
2024-07-19,1,926,846,2.15
2024-07-20,1,600,522,2.3
2024-07-21,1,625,553,2.7
2024-07-22,1,871,800,2.4
2024-07-23,1,940,840,1.99
2024-07-24,1,848,781,2.37
2024-07-25,1,852,762,1.37
2024-07-26,1,877,779,1.94
2024-07-27,1,638,605,2.11
2024-07-28,1,596,542,2.2
2024-07-29,1,881,807,1.16
2024-07-30,1,900,806,2.44
2024-07-31,1,959,854,1.66
2024-08-01,1,858,765,1.8
2024-08-02,1,926,816,2.64
2024-08-03,1,626,560,1.81
2024-08-04,1,656,614,2.23
2024-08-05,1,974,873,1.43
2024-08-06,1,848,762,2.1
2024-08-07,1,853,755,1.93
2024-08-08,1,885,816,2.28
2024-08-09,1,873,808,1.03
2024-08-10,1,647,594,2.08
2024-08-11,1,616,554,1.89
2024-08-12,1,901,795,1.91
2024-08-13,1,937,798,2.4
2024-08-14,1,915,847,1.96
2024-08-15,1,888,809,1.65
2024-08-16,1,856,771,1.43
2024-08-17,1,624,588,2.07
2024-08-18,1,594,539,1.93
2024-08-19,1,854,767,2.43
2024-08-20,1,981,878,1.94
2024-08-21,1,884,770,1.48
2024-08-22,1,931,853,2.18
2024-08-23,1,889,804,2.41
2024-08-24,1,651,589,2.26
2024-08-25,1,663,578,2.05
2024-08-26,1,889,808,0.94
2024-08-27,1,887,804,2.66
2024-08-28,1,885,802,1.37
2024-08-29,1,852,750,1.43
2024-08-30,1,885,793,2.57
2024-08-31,1,596,529,2.77
2024-09-01,1,703,651,1.73
2024-09-02,1,932,821,1.18
2024-09-03,1,1052,950,2.8
2024-09-04,1,1067,988,1.68
2024-09-05,1,996,897,2.04
2024-09-06,1,1000,934,1.46
2024-09-07,1,739,662,1.59
2024-09-08,1,645,580,2.01
2024-09-09,1,1002,883,1.59
2024-09-10,1,1031,896,1.86
2024-09-11,1,1049,930,1.66
2024-09-12,1,1031,897,1.55
2024-09-13,1,1108,997,1.64
2024-09-14,1,688,632,1.69
2024-09-15,1,745,687,1.83
2024-09-16,1,971,879,2.56
2024-09-17,1,1018,939,2.43
2024-09-18,1,1062,947,2.36
2024-09-19,1,1009,958,2.83
2024-09-20,1,962,854,2.69
2024-09-21,1,640,585,2.83
2024-09-22,1,572,518,2.54
2024-09-23,1,987,879,2.54
2024-09-24,1,916,848,1.68
2024-09-25,1,931,809,2.0
2024-09-26,1,989,866,2.36
2024-09-27,1,926,874,2.25
2024-09-28,1,649,579,2.48
2024-09-29,1,726,651,1.79
2024-09-30,1,946,849,2.3
2024-10-01,1,965,872,1.71
2024-10-02,1,991,870,2.26
2024-10-03,1,968,853,1.95
2024-10-04,1,964,858,2.24
2024-10-05,1,690,627,2.19
2024-10-06,1,627,549,1.96
2024-10-07,1,945,855,1.91
2024-10-08,1,971,871,2.49
2024-10-09,1,962,850,1.86
2024-10-10,1,1010,910,2.16
2024-10-11,1,986,917,1.57
2024-10-12,1,695,601,1.72
2024-10-13,1,674,591,1.62
2024-10-14,1,890,794,2.13
2024-10-15,1,1007,917,1.72
2024-10-16,1,1108,987,2.08
2024-10-17,1,997,898,2.01
2024-10-18,1,1077,967,1.14
2024-10-19,1,716,645,1.74
2024-10-20,1,666,604,2.2
2024-10-21,1,1137,1047,3.11
2024-10-22,1,893,814,1.75
2024-10-23,1,954,853,2.24
2024-10-24,1,914,827,2.58
2024-10-25,1,963,874,2.11
2024-10-26,1,686,610,1.88
2024-10-27,1,658,609,2.54
2024-10-28,1,1016,876,1.45
2024-10-29,1,959,883,2.36
2024-10-30,1,973,908,2.0
2024-10-31,1,971,870,1.67
2024-11-01,1,1233,1117,2.03
2024-11-02,1,826,744,2.17
2024-11-03,1,881,810,1.6
2024-11-04,1,1261,1144,2.53
2024-11-05,1,1213,1082,1.59
2024-11-06,1,1176,1076,2.27
2024-11-07,1,1297,1144,2.41
2024-11-08,1,1214,1047,1.45
2024-11-09,1,897,810,2.91
2024-11-10,1,892,812,1.68
2024-11-11,1,1308,1147,2.37
2024-11-12,1,1308,1160,2.79
2024-11-13,1,1344,1199,1.77
2024-11-14,1,1272,1150,2.23
2024-11-15,1,1326,1243,1.73
2024-11-16,1,927,780,2.12
2024-11-17,1,952,887,2.08
2024-11-18,1,1352,1215,2.55
2024-11-19,1,1300,1182,1.62
2024-11-20,1,1204,1065,1.89
2024-11-21,1,1217,1099,2.99
2024-11-22,1,1299,1195,2.64
2024-11-23,1,887,807,2.73
2024-11-24,1,924,786,1.83
2024-11-25,1,1216,1081,2.84
2024-11-26,1,1266,1155,1.59
2024-11-27,1,1429,1296,2.83
2024-11-28,1,1371,1252,1.75
2024-11-29,1,1326,1253,1.57
2024-11-30,1,925,837,2.11
2024-12-01,1,885,797,2.72
2024-12-02,1,1348,1264,1.91
2024-12-03,1,1308,1218,2.26
2024-12-04,1,1159,1034,0.82
2024-12-05,1,1250,1140,2.46
2024-12-06,1,1202,1070,1.39
2024-12-07,1,867,789,2.16
2024-12-08,1,1003,884,1.9
2024-12-09,1,1249,1092,1.6
2024-12-10,1,1250,1132,2.64
2024-12-11,1,1256,1135,1.75
2024-12-12,1,1348,1172,1.85
2024-12-13,1,1264,1136,1.87
2024-12-14,1,966,882,2.19
2024-12-15,1,913,843,2.27
2024-12-16,1,1277,1180,2.46
2024-12-17,1,1290,1181,2.49
2024-12-18,1,1323,1197,1.06
2024-12-19,1,1311,1201,2.1
2024-12-20,1,1291,1127,1.88
2024-12-21,1,901,800,1.02
2024-12-22,1,950,872,2.38
2024-12-23,1,1236,1055,1.93
2024-12-24,1,1251,1120,1.18
2024-12-25,1,1404,1269,1.5
2024-12-26,1,1298,1223,2.35
2024-12-27,1,1308,1162,2.07
2024-12-28,1,929,804,1.93
2024-12-29,1,896,809,1.53
2024-12-30,1,1412,1286,1.54
2024-12-31,1,1450,1315,1.82
2023-01-01,2,758,688,2.55
2023-01-02,2,1020,891,1.87
2023-01-03,2,1125,995,2.3
2023-01-04,2,1117,1004,0.92
2023-01-05,2,984,899,2.45
2023-01-06,2,1181,1061,2.52
2023-01-07,2,749,676,1.98
2023-01-08,2,764,660,1.25
2023-01-09,2,1035,872,1.63
2023-01-10,2,1080,974,1.9
2023-01-11,2,1057,918,2.53
2023-01-12,2,1080,971,2.43
2023-01-13,2,1144,1014,2.1
2023-01-14,2,739,660,2.41
2023-01-15,2,732,646,2.46
2023-01-16,2,1069,958,2.19
2023-01-17,2,1081,985,1.42
2023-01-18,2,1064,941,1.85
2023-01-19,2,1046,960,2.61
2023-01-20,2,1044,925,2.25
2023-01-21,2,739,666,2.53
2023-01-22,2,734,634,1.99
2023-01-23,2,1066,976,1.41
2023-01-24,2,1052,925,2.18
2023-01-25,2,1108,986,1.86
2023-01-26,2,1107,1023,2.08
2023-01-27,2,1034,940,1.7
2023-01-28,2,701,636,2.22
2023-01-29,2,747,704,2.2
2023-01-30,2,1113,1028,2.32
2023-01-31,2,1044,920,1.6
2023-02-01,2,1141,1029,1.68
2023-02-02,2,1057,915,1.17
2023-02-03,2,1148,1061,2.09
2023-02-04,2,831,754,1.77
2023-02-05,2,719,653,2.63
2023-02-06,2,1042,915,0.99
2023-02-07,2,1132,1000,1.86
2023-02-08,2,1030,925,1.91
2023-02-09,2,1085,991,2.17
2023-02-10,2,1041,946,1.4
2023-02-11,2,733,665,1.84
2023-02-12,2,765,704,2.3
2023-02-13,2,1095,974,1.41
2023-02-14,2,1089,1004,2.58
2023-02-15,2,1196,1063,2.25
2023-02-16,2,1082,974,1.16
2023-02-17,2,1072,986,2.23
2023-02-18,2,762,683,2.02
2023-02-19,2,726,660,1.6
2023-02-20,2,1064,959,1.88
2023-02-21,2,1042,911,2.54
2023-02-22,2,962,858,2.44
2023-02-23,2,1078,952,2.14
2023-02-24,2,1127,982,2.01
2023-02-25,2,749,675,1.73
2023-02-26,2,741,667,1.69
2023-02-27,2,1105,984,1.93
2023-02-28,2,1160,1032,2.11
2023-03-01,2,1155,1043,0.91
2023-03-02,2,1051,902,1.72
2023-03-03,2,1206,1054,1.86
2023-03-04,2,699,629,2.45
2023-03-05,2,763,659,1.8
2023-03-06,2,980,862,2.2
2023-03-07,2,1119,982,2.08
2023-03-08,2,1103,1005,2.1
2023-03-09,2,1026,904,2.12
2023-03-10,2,934,869,2.05
2023-03-11,2,683,603,2.26
2023-03-12,2,733,659,2.21
2023-03-13,2,1133,1032,1.67
2023-03-14,2,1063,969,2.12
2023-03-15,2,1057,940,2.04
2023-03-16,2,1037,917,2.71
2023-03-17,2,1076,946,1.77
2023-03-18,2,739,663,2.26
2023-03-19,2,789,702,1.56
2023-03-20,2,1149,1028,3.32
2023-03-21,2,1001,910,1.75
2023-03-22,2,1029,902,2.12
2023-03-23,2,997,862,2.77
2023-03-24,2,1103,1000,1.54
2023-03-25,2,759,683,2.22
2023-03-26,2,774,680,0.88
2023-03-27,2,1119,981,2.38
2023-03-28,2,1107,1017,2.15
2023-03-29,2,1052,941,1.69
2023-03-30,2,1068,1007,2.52
2023-03-31,2,1111,1017,2.78
2023-04-01,2,720,676,2.28
2023-04-02,2,739,668,2.26
2023-04-03,2,1072,961,2.54
2023-04-04,2,1069,930,1.87
2023-04-05,2,1066,919,2.52
2023-04-06,2,1108,1017,1.83
2023-04-07,2,1054,978,0.68
2023-04-08,2,736,645,2.39
2023-04-09,2,757,660,1.76
2023-04-10,2,1051,962,1.7
2023-04-11,2,958,872,2.08
2023-04-12,2,1060,974,2.16
2023-04-13,2,1100,1005,1.81
2023-04-14,2,1046,965,2.26
2023-04-15,2,756,690,1.38
2023-04-16,2,766,667,1.52
2023-04-17,2,1141,1053,2.25
2023-04-18,2,1055,970,2.68
2023-04-19,2,1209,1116,1.68
2023-04-20,2,1056,930,2.17
2023-04-21,2,1013,916,2.32
2023-04-22,2,731,644,2.19
2023-04-23,2,702,617,0.44
2023-04-24,2,1083,955,0.65
2023-04-25,2,1098,1009,2.59
2023-04-26,2,1101,980,0.76
2023-04-27,2,1060,930,2.2
2023-04-28,2,1118,967,2.39
2023-04-29,2,796,718,1.91
2023-04-30,2,735,669,2.42
2023-05-01,2,1043,920,1.88
2023-05-02,2,1009,894,1.83
2023-05-03,2,1042,953,2.33
2023-05-04,2,1132,1040,1.19
2023-05-05,2,1077,996,2.48
2023-05-06,2,731,659,2.41
2023-05-07,2,753,675,2.18
2023-05-08,2,1024,913,1.25
2023-05-09,2,1100,986,1.83
2023-05-10,2,1009,870,1.52
2023-05-11,2,1031,916,2.28
2023-05-12,2,1049,909,2.39
2023-05-13,2,705,640,1.98
2023-05-14,2,772,694,1.56
2023-05-15,2,1046,907,2.27
2023-05-16,2,1048,962,1.71
2023-05-17,2,1125,984,1.97
2023-05-18,2,1085,996,1.66
2023-05-19,2,1064,955,1.82
2023-05-20,2,788,713,2.09
2023-05-21,2,801,728,2.72
2023-05-22,2,1008,941,2.1
2023-05-23,2,1111,991,2.78
2023-05-24,2,1037,886,1.55
2023-05-25,2,1114,971,2.06
2023-05-26,2,1070,936,2.06
2023-05-27,2,739,685,1.76
2023-05-28,2,702,632,1.85
2023-05-29,2,1097,971,0.7
2023-05-30,2,1060,975,1.07
2023-05-31,2,1109,1023,2.06
2023-06-01,2,937,855,1.33
2023-06-02,2,856,782,1.82
2023-06-03,2,683,606,2.05
2023-06-04,2,667,599,2.07
2023-06-05,2,1040,916,2.34
2023-06-06,2,1033,926,1.98
2023-06-07,2,1014,917,1.8
2023-06-08,2,980,853,2.59
2023-06-09,2,944,844,1.56
2023-06-10,2,717,635,1.59
2023-06-11,2,650,576,1.46
2023-06-12,2,991,884,1.82
2023-06-13,2,998,888,1.58
2023-06-14,2,999,880,1.07
2023-06-15,2,881,779,2.06
2023-06-16,2,899,826,2.13
2023-06-17,2,732,631,2.39
2023-06-18,2,730,671,1.45
2023-06-19,2,1004,881,1.23
2023-06-20,2,890,797,1.0
2023-06-21,2,872,806,1.65
2023-06-22,2,951,876,1.75
2023-06-23,2,982,894,2.43
2023-06-24,2,750,676,3.16
2023-06-25,2,650,585,1.93
2023-06-26,2,967,892,1.56
2023-06-27,2,1022,921,1.96
2023-06-28,2,963,847,1.53
2023-06-29,2,979,883,1.43
2023-06-30,2,1039,918,1.43
2023-07-01,2,599,542,1.4
2023-07-02,2,682,588,2.79
2023-07-03,2,970,872,1.17
2023-07-04,2,999,886,0.81
2023-07-05,2,945,842,1.67
2023-07-06,2,1000,899,2.47
2023-07-07,2,1056,917,2.67
2023-07-08,2,681,596,1.52
2023-07-09,2,648,579,2.17
2023-07-10,2,947,857,1.66
2023-07-11,2,1020,886,0.94
2023-07-12,2,936,828,2.71
2023-07-13,2,962,849,1.97
2023-07-14,2,953,834,1.55
2023-07-15,2,707,620,2.49
2023-07-16,2,674,617,1.48
2023-07-17,2,832,751,1.84
2023-07-18,2,993,900,1.17
2023-07-19,2,1000,909,1.68
2023-07-20,2,867,762,2.27
2023-07-21,2,922,829,1.99
2023-07-22,2,696,634,1.89
2023-07-23,2,651,576,2.02
2023-07-24,2,962,887,2.4
2023-07-25,2,1006,902,2.21
2023-07-26,2,950,860,1.38
2023-07-27,2,970,824,1.65
2023-07-28,2,982,857,3.59
2023-07-29,2,662,591,1.62
2023-07-30,2,638,565,2.94
2023-07-31,2,932,858,1.63
2023-08-01,2,944,872,1.71
2023-08-02,2,957,881,1.44
2023-08-03,2,1002,919,1.93
2023-08-04,2,867,773,2.39
2023-08-05,2,630,541,2.26
2023-08-06,2,692,624,2.02
2023-08-07,2,990,894,2.29
2023-08-08,2,963,866,2.2
2023-08-09,2,1038,949,2.2
2023-08-10,2,896,802,2.22
2023-08-11,2,992,911,1.41
2023-08-12,2,626,587,2.17
2023-08-13,2,618,566,2.05
2023-08-14,2,977,866,2.25
2023-08-15,2,1069,969,2.61
2023-08-16,2,964,876,2.0
2023-08-17,2,1073,973,2.44
2023-08-18,2,949,829,1.85
2023-08-19,2,649,557,1.7
2023-08-20,2,715,637,2.21
2023-08-21,2,919,801,1.27
2023-08-22,2,1024,984,2.33
2023-08-23,2,923,843,2.26
2023-08-24,2,978,871,1.93
2023-08-25,2,966,863,2.57
2023-08-26,2,614,562,2.69
2023-08-27,2,609,550,2.5
2023-08-28,2,983,855,2.51
2023-08-29,2,919,816,2.87
2023-08-30,2,978,886,2.16
2023-08-31,2,1000,863,2.17
2023-09-01,2,1106,1031,1.93
2023-09-02,2,737,662,2.3
2023-09-03,2,790,697,1.34
2023-09-04,2,1084,1003,2.23
2023-09-05,2,1009,928,2.7
2023-09-06,2,1067,1033,0.61
2023-09-07,2,1029,930,1.14
2023-09-08,2,1007,920,2.82
2023-09-09,2,746,665,2.45
2023-09-10,2,791,709,1.48
2023-09-11,2,1126,991,2.11
2023-09-12,2,1110,1014,1.8
2023-09-13,2,1074,982,1.54
2023-09-14,2,1126,1028,2.96
2023-09-15,2,1131,1005,2.41
2023-09-16,2,773,690,1.82
2023-09-17,2,735,677,1.88
2023-09-18,2,1123,991,1.1
2023-09-19,2,1016,940,1.83
2023-09-20,2,1099,977,1.92
2023-09-21,2,1130,997,1.9
2023-09-22,2,1085,991,1.85
2023-09-23,2,761,701,2.95
2023-09-24,2,714,622,1.87
2023-09-25,2,1129,979,2.04
2023-09-26,2,1013,896,1.93
2023-09-27,2,1048,992,1.44
2023-09-28,2,1055,942,1.88
2023-09-29,2,1051,946,2.23
2023-09-30,2,694,608,1.39
2023-10-01,2,754,705,2.41
2023-10-02,2,1078,958,1.67
2023-10-03,2,1051,928,2.57
2023-10-04,2,1146,1001,3.16
2023-10-05,2,1062,936,2.81
2023-10-06,2,1106,952,2.39
2023-10-07,2,682,605,2.98
2023-10-08,2,697,654,2.4
2023-10-09,2,1077,987,2.95
2023-10-10,2,1017,891,2.14
2023-10-11,2,1102,1001,1.75
2023-10-12,2,1007,916,1.66
2023-10-13,2,1076,968,2.22
2023-10-14,2,838,766,1.98
2023-10-15,2,753,672,2.14
2023-10-16,2,1098,981,2.42
2023-10-17,2,1102,986,2.19
2023-10-18,2,1089,1002,2.15
2023-10-19,2,1167,1048,1.24
2023-10-20,2,1117,1024,2.82
2023-10-21,2,765,677,1.85
2023-10-22,2,752,690,2.2
2023-10-23,2,1139,1036,1.35
2023-10-24,2,1099,970,2.11
2023-10-25,2,1095,960,2.29
2023-10-26,2,1084,982,1.8
2023-10-27,2,1018,946,1.8
2023-10-28,2,802,714,2.71
2023-10-29,2,695,605,2.0
2023-10-30,2,1025,935,2.7
2023-10-31,2,1038,960,3.34
2023-11-01,2,1465,1338,2.26
2023-11-02,2,1403,1263,2.79
2023-11-03,2,1499,1383,1.63
2023-11-04,2,1013,927,1.86
2023-11-05,2,955,873,1.77
2023-11-06,2,1400,1252,1.68
2023-11-07,2,1315,1184,2.03
2023-11-08,2,1439,1330,3.33
2023-11-09,2,1397,1275,2.1
2023-11-10,2,1422,1282,2.8
2023-11-11,2,940,819,1.47
2023-11-12,2,985,903,2.38
2023-11-13,2,1380,1213,0.83
2023-11-14,2,1384,1233,1.4
2023-11-15,2,1330,1192,2.45
2023-11-16,2,1462,1273,2.32
2023-11-17,2,1450,1282,2.58
2023-11-18,2,956,870,2.32
2023-11-19,2,944,862,1.82
2023-11-20,2,1417,1273,1.73
2023-11-21,2,1377,1248,1.66
2023-11-22,2,1358,1242,1.89
2023-11-23,2,1411,1276,1.63
2023-11-24,2,1433,1305,1.59
2023-11-25,2,954,831,1.4
2023-11-26,2,947,842,1.27
2023-11-27,2,1551,1322,2.21
2023-11-28,2,1424,1292,1.4
2023-11-29,2,1373,1252,1.57
2023-11-30,2,1296,1121,0.91
2023-12-01,2,1377,1229,2.27
2023-12-02,2,1043,945,1.35
2023-12-03,2,1006,929,1.45
2023-12-04,2,1436,1282,2.13
2023-12-05,2,1365,1252,2.36
2023-12-06,2,1301,1133,0.65
2023-12-07,2,1467,1292,2.64
2023-12-08,2,1504,1360,3.14
2023-12-09,2,1059,949,1.48
2023-12-10,2,1015,875,2.91
2023-12-11,2,1377,1247,3.25
2023-12-12,2,1255,1124,2.5
2023-12-13,2,1376,1289,1.83
2023-12-14,2,1353,1208,2.86
2023-12-15,2,1351,1223,1.66
2023-12-16,2,895,796,1.89
2023-12-17,2,948,811,1.93
2023-12-18,2,1382,1227,2.6
2023-12-19,2,1459,1341,1.93
2023-12-20,2,1276,1139,1.38
2023-12-21,2,1322,1172,1.54
2023-12-22,2,1403,1271,1.88
2023-12-23,2,985,878,2.16
2023-12-24,2,1012,908,2.4
2023-12-25,2,1443,1291,2.42
2023-12-26,2,1415,1238,1.41
2023-12-27,2,1493,1367,2.4
2023-12-28,2,1383,1233,1.59
2023-12-29,2,1400,1241,1.51
2023-12-30,2,953,851,1.71
2023-12-31,2,1000,914,2.04
2024-01-01,2,1093,998,2.26
2024-01-02,2,1033,936,1.63
2024-01-03,2,1073,945,1.82
2024-01-04,2,992,870,1.81
2024-01-05,2,1023,909,2.52
2024-01-06,2,728,637,2.61
2024-01-07,2,766,677,2.03
2024-01-08,2,1063,922,2.7
2024-01-09,2,1063,975,1.61
2024-01-10,2,1151,1009,2.58
2024-01-11,2,1091,988,1.47
2024-01-12,2,1037,956,2.18
2024-01-13,2,770,697,3.42
2024-01-14,2,697,610,2.41
2024-01-15,2,1018,881,2.47
2024-01-16,2,1055,969,2.32
2024-01-17,2,1036,942,1.73
2024-01-18,2,1012,947,2.04
2024-01-19,2,993,927,1.87
2024-01-20,2,756,674,1.99
2024-01-21,2,767,677,2.39
2024-01-22,2,1018,925,1.84
2024-01-23,2,1027,925,2.5
2024-01-24,2,1003,897,3.61
2024-01-25,2,1084,951,2.41
2024-01-26,2,1117,990,2.06
2024-01-27,2,770,684,1.52
2024-01-28,2,706,622,2.55
2024-01-29,2,1122,1044,3.09
2024-01-30,2,1044,937,2.68
2024-01-31,2,1084,998,1.82
2024-02-01,2,1162,1040,1.26
2024-02-02,2,1106,973,2.0
2024-02-03,2,718,643,2.15
2024-02-04,2,704,660,1.42
2024-02-05,2,1070,953,1.8
2024-02-06,2,1028,900,1.68
2024-02-07,2,951,891,1.04
2024-02-08,2,1092,971,2.09
2024-02-09,2,1067,961,1.32
2024-02-10,2,786,688,1.37
2024-02-11,2,777,711,2.09
2024-02-12,2,1051,936,1.58
2024-02-13,2,1109,1007,2.85
2024-02-14,2,1131,1025,1.91
2024-02-15,2,1073,1005,2.02
2024-02-16,2,968,885,1.95
2024-02-17,2,754,694,3.24
2024-02-18,2,837,746,2.09
2024-02-19,2,1071,943,2.08
2024-02-20,2,1094,994,1.79
2024-02-21,2,1125,1015,2.09
2024-02-22,2,1101,985,1.75
2024-02-23,2,1060,940,2.21
2024-02-24,2,689,613,2.01
2024-02-25,2,742,656,2.05
2024-02-26,2,1026,907,1.58
2024-02-27,2,1153,1024,0.99
2024-02-28,2,1031,917,1.48
2024-02-29,2,1132,1013,1.76
2024-03-01,2,1046,905,2.31
2024-03-02,2,776,642,1.51
2024-03-03,2,809,738,2.16
2024-03-04,2,1123,974,2.25
2024-03-05,2,971,861,2.3
2024-03-06,2,1058,950,2.6
2024-03-07,2,1021,948,2.02
2024-03-08,2,1096,990,2.82
2024-03-09,2,747,673,2.09
2024-03-10,2,802,710,2.36
2024-03-11,2,1189,1052,1.33
2024-03-12,2,1083,1021,2.29
2024-03-13,2,1045,918,1.71
2024-03-14,2,946,913,2.49
2024-03-15,2,1025,932,2.29
2024-03-16,2,734,658,3.04
2024-03-17,2,711,619,1.45
2024-03-18,2,1106,975,2.1
2024-03-19,2,1110,1031,1.95
2024-03-20,2,1008,938,2.24
2024-03-21,2,1103,1009,1.94
2024-03-22,2,1095,988,2.01
2024-03-23,2,644,586,3.84
2024-03-24,2,732,653,1.55
2024-03-25,2,1060,961,1.87
2024-03-26,2,1100,991,2.06
2024-03-27,2,1134,1014,1.17
2024-03-28,2,1082,960,2.37
2024-03-29,2,1117,1038,1.47
2024-03-30,2,706,607,2.15
2024-03-31,2,829,767,2.18
2024-04-01,2,1100,1000,1.89
2024-04-02,2,1121,1011,1.63
2024-04-03,2,1088,994,1.37
2024-04-04,2,1079,952,1.91
2024-04-05,2,1130,1025,1.73
2024-04-06,2,793,705,3.08
2024-04-07,2,648,606,2.25
2024-04-08,2,1087,1010,1.72
2024-04-09,2,1101,974,1.74
2024-04-10,2,1070,953,2.53
2024-04-11,2,1145,1012,1.37
2024-04-12,2,999,883,1.4
2024-04-13,2,717,646,2.29
2024-04-14,2,769,708,1.71
2024-04-15,2,1108,965,2.1
2024-04-16,2,1065,949,2.07
2024-04-17,2,1190,1061,2.42
2024-04-18,2,1096,981,1.7
2024-04-19,2,1025,912,2.41
2024-04-20,2,784,692,1.64
2024-04-21,2,754,660,2.18
2024-04-22,2,985,873,2.34
2024-04-23,2,1122,1052,2.17
2024-04-24,2,1095,993,2.3
2024-04-25,2,1105,1020,1.95
2024-04-26,2,1150,1028,2.71
2024-04-27,2,706,667,1.74
2024-04-28,2,768,699,1.89
2024-04-29,2,1114,1043,2.38
2024-04-30,2,1027,905,2.09
2024-05-01,2,1169,1044,2.97
2024-05-02,2,1025,924,0.99
2024-05-03,2,1100,946,2.64
2024-05-04,2,678,601,1.41
2024-05-05,2,737,647,1.74
2024-05-06,2,1110,1022,2.11
2024-05-07,2,1062,929,1.88
2024-05-08,2,1096,986,2.16
2024-05-09,2,1042,944,2.33
2024-05-10,2,1084,923,1.54
2024-05-11,2,710,656,2.69
2024-05-12,2,749,680,2.29
2024-05-13,2,939,866,1.66
2024-05-14,2,959,854,0.84
2024-05-15,2,1099,999,2.14
2024-05-16,2,1018,943,2.66
2024-05-17,2,1053,1008,2.67
2024-05-18,2,798,711,1.26
2024-05-19,2,663,596,1.44
2024-05-20,2,1183,1059,1.96
2024-05-21,2,1127,1048,1.98
2024-05-22,2,1175,1035,2.57
2024-05-23,2,1074,945,2.39
2024-05-24,2,1121,1017,3.0
2024-05-25,2,795,708,1.63
2024-05-26,2,790,709,2.26
2024-05-27,2,1174,1090,1.23
2024-05-28,2,1056,1004,2.82
2024-05-29,2,960,866,2.57
2024-05-30,2,1089,1008,2.16
2024-05-31,2,1059,969,3.42
2024-06-01,2,702,640,2.32
2024-06-02,2,643,569,2.28
2024-06-03,2,1016,878,1.28
2024-06-04,2,891,805,1.8
2024-06-05,2,926,854,1.43
2024-06-06,2,947,831,2.77
2024-06-07,2,1028,956,2.07
2024-06-08,2,675,595,1.76
2024-06-09,2,705,635,2.33
2024-06-10,2,1051,924,1.94
2024-06-11,2,1036,962,2.07
2024-06-12,2,1017,896,1.69
2024-06-13,2,939,808,1.63
2024-06-14,2,984,886,2.34
2024-06-15,2,729,658,2.65
2024-06-16,2,643,594,1.57
2024-06-17,2,990,923,2.31
2024-06-18,2,1025,887,2.59
2024-06-19,2,905,820,1.98
2024-06-20,2,883,821,1.37
2024-06-21,2,976,895,1.98
2024-06-22,2,641,581,1.38
2024-06-23,2,670,600,2.25
2024-06-24,2,1046,944,2.02
2024-06-25,2,1095,1018,1.33
2024-06-26,2,943,861,1.11
2024-06-27,2,1010,909,1.36
2024-06-28,2,1000,913,1.37
2024-06-29,2,660,617,1.65
2024-06-30,2,670,623,1.21
2024-07-01,2,1007,887,2.73
2024-07-02,2,999,906,1.94
2024-07-03,2,837,769,1.8
2024-07-04,2,1103,996,1.57
2024-07-05,2,953,834,2.24
2024-07-06,2,699,643,2.25
2024-07-07,2,624,573,1.13
2024-07-08,2,981,857,2.8
2024-07-09,2,930,843,1.98
2024-07-10,2,915,788,1.64
2024-07-11,2,1037,873,1.2
2024-07-12,2,951,846,1.88
2024-07-13,2,673,605,1.87
2024-07-14,2,730,652,2.25
2024-07-15,2,1018,943,1.31
2024-07-16,2,1021,897,2.53
2024-07-17,2,995,867,1.86
2024-07-18,2,934,837,2.19
2024-07-19,2,949,863,1.61
2024-07-20,2,675,604,2.42
2024-07-21,2,713,625,2.17
2024-07-22,2,1044,954,2.11
2024-07-23,2,1017,915,1.91
2024-07-24,2,888,782,2.27
2024-07-25,2,918,808,2.44
2024-07-26,2,942,897,2.1
2024-07-27,2,685,623,2.52
2024-07-28,2,686,608,2.07
2024-07-29,2,963,871,1.48
2024-07-30,2,968,846,1.58
2024-07-31,2,1000,914,1.41
2024-08-01,2,1005,908,2.3
2024-08-02,2,1024,914,2.71
2024-08-03,2,621,550,2.83
2024-08-04,2,715,655,1.16
2024-08-05,2,1009,942,2.45
2024-08-06,2,982,862,2.22
2024-08-07,2,973,840,2.67
2024-08-08,2,943,801,1.15
2024-08-09,2,943,866,1.13
2024-08-10,2,700,646,1.82
2024-08-11,2,653,582,2.35
2024-08-12,2,945,800,1.64
2024-08-13,2,916,836,1.84
2024-08-14,2,901,796,2.08
2024-08-15,2,928,829,1.63
2024-08-16,2,953,864,1.87
2024-08-17,2,675,608,1.97
2024-08-18,2,695,641,1.36
2024-08-19,2,1039,929,2.07
2024-08-20,2,883,755,1.6
2024-08-21,2,978,863,1.37
2024-08-22,2,954,834,1.69
2024-08-23,2,995,910,2.9
2024-08-24,2,638,585,1.18
2024-08-25,2,654,578,2.07
2024-08-26,2,882,802,2.28
2024-08-27,2,975,877,2.19
2024-08-28,2,986,905,2.4
2024-08-29,2,1004,902,2.82
2024-08-30,2,941,842,1.63
2024-08-31,2,661,587,1.86
2024-09-01,2,729,676,2.44
2024-09-02,2,1057,910,2.14
2024-09-03,2,1099,995,1.94
2024-09-04,2,1079,986,1.9
2024-09-05,2,1187,1052,2.81
2024-09-06,2,993,895,2.22
2024-09-07,2,765,675,1.94
2024-09-08,2,731,664,2.3
2024-09-09,2,1050,932,2.2
2024-09-10,2,1064,985,2.53
2024-09-11,2,1119,949,1.76
2024-09-12,2,1125,995,1.71
2024-09-13,2,1038,963,0.8
2024-09-14,2,760,665,2.24
2024-09-15,2,734,684,2.39
2024-09-16,2,1017,951,2.91
2024-09-17,2,1075,964,2.15
2024-09-18,2,1048,930,2.39
2024-09-19,2,1103,1003,0.74
2024-09-20,2,1176,1047,1.61
2024-09-21,2,746,640,1.88
2024-09-22,2,753,681,1.78
2024-09-23,2,1119,1004,2.26
2024-09-24,2,1077,938,0.91
2024-09-25,2,1128,1059,1.62
2024-09-26,2,1043,934,2.52
2024-09-27,2,1035,960,2.22
2024-09-28,2,762,679,1.9
2024-09-29,2,738,657,1.76
2024-09-30,2,1067,979,2.58
2024-10-01,2,1087,972,1.27
2024-10-02,2,1178,1050,2.03
2024-10-03,2,1065,983,2.04
2024-10-04,2,1044,944,2.48
2024-10-05,2,764,687,2.08
2024-10-06,2,738,671,1.15
2024-10-07,2,998,920,1.91
2024-10-08,2,1061,967,1.75
2024-10-09,2,1175,1072,2.56
2024-10-10,2,1108,980,1.8
2024-10-11,2,1033,950,1.31
2024-10-12,2,787,694,2.95
2024-10-13,2,734,649,2.24
2024-10-14,2,1043,975,2.02
2024-10-15,2,1054,941,1.74
2024-10-16,2,1043,935,2.25
2024-10-17,2,987,883,2.1
2024-10-18,2,1105,992,2.63
2024-10-19,2,802,717,2.09
2024-10-20,2,780,679,1.63
2024-10-21,2,1043,957,1.9
2024-10-22,2,1092,986,1.65
2024-10-23,2,1112,1022,2.1
2024-10-24,2,1109,1036,2.2
2024-10-25,2,1022,879,1.37
2024-10-26,2,727,645,1.57
2024-10-27,2,761,676,1.97
2024-10-28,2,991,874,2.0
2024-10-29,2,1050,919,2.4
2024-10-30,2,1006,921,1.99
2024-10-31,2,1050,935,2.21
2024-11-01,2,1393,1257,1.84
2024-11-02,2,954,833,2.41
2024-11-03,2,1010,877,1.07
2024-11-04,2,1233,1107,2.26
2024-11-05,2,1488,1356,2.32
2024-11-06,2,1400,1240,1.65
2024-11-07,2,1388,1268,2.29
2024-11-08,2,1295,1155,2.51
2024-11-09,2,935,859,1.72
2024-11-10,2,1009,901,1.49
2024-11-11,2,1366,1227,1.57
2024-11-12,2,1470,1320,2.03
2024-11-13,2,1434,1307,1.38
2024-11-14,2,1460,1288,2.38
2024-11-15,2,1456,1303,1.26
2024-11-16,2,987,909,1.5
2024-11-17,2,946,861,2.11
2024-11-18,2,1386,1173,2.08
2024-11-19,2,1497,1311,2.52
2024-11-20,2,1440,1306,1.69
2024-11-21,2,1528,1361,0.53
2024-11-22,2,1409,1252,2.04
2024-11-23,2,1045,952,1.77
2024-11-24,2,879,820,1.93
2024-11-25,2,1383,1262,1.29
2024-11-26,2,1444,1362,2.04
2024-11-27,2,1358,1211,2.42
2024-11-28,2,1257,1136,1.93
2024-11-29,2,1366,1223,2.0
2024-11-30,2,949,862,1.56
2024-12-01,2,1020,898,2.48
2024-12-02,2,1493,1382,1.68
2024-12-03,2,1386,1228,2.35
2024-12-04,2,1253,1125,2.52
2024-12-05,2,1313,1221,2.77
2024-12-06,2,1443,1310,2.82
2024-12-07,2,841,722,2.04
2024-12-08,2,1007,900,2.32
2024-12-09,2,1331,1196,1.51
2024-12-10,2,1258,1146,1.69
2024-12-11,2,1345,1216,1.69
2024-12-12,2,1473,1364,1.28
2024-12-13,2,1372,1233,1.98
2024-12-14,2,1004,914,2.35
2024-12-15,2,925,802,1.31
2024-12-16,2,1369,1243,2.48
2024-12-17,2,1299,1177,2.46
2024-12-18,2,1395,1300,2.03
2024-12-19,2,1349,1207,2.2
2024-12-20,2,1355,1170,2.29
2024-12-21,2,955,870,2.93
2024-12-22,2,960,857,1.7
2024-12-23,2,1221,1086,1.89
2024-12-24,2,1541,1415,2.08
2024-12-25,2,1398,1285,2.52
2024-12-26,2,1308,1158,1.76
2024-12-27,2,1368,1253,1.67
2024-12-28,2,971,892,1.48
2024-12-29,2,982,910,2.48
2024-12-30,2,1442,1302,1.74
2024-12-31,2,1368,1238,2.6
2023-01-01,3,831,728,1.28
2023-01-02,3,1159,1001,2.85
2023-01-03,3,1036,944,2.25
2023-01-04,3,1109,1007,1.75
2023-01-05,3,1061,950,1.61
2023-01-06,3,1088,990,1.69
2023-01-07,3,736,657,2.55
2023-01-08,3,778,732,2.7
2023-01-09,3,1039,924,2.26
2023-01-10,3,1112,992,2.56
2023-01-11,3,1056,941,2.39
2023-01-12,3,1051,966,2.83
2023-01-13,3,1058,962,2.69
2023-01-14,3,737,653,3.34
2023-01-15,3,691,623,2.67
2023-01-16,3,1178,1085,1.82
2023-01-17,3,1085,979,2.33
2023-01-18,3,975,890,1.55
2023-01-19,3,1024,952,2.19
2023-01-20,3,990,926,1.67
2023-01-21,3,753,659,2.4
2023-01-22,3,767,698,1.82
2023-01-23,3,1109,996,1.95
2023-01-24,3,1028,950,1.84
2023-01-25,3,1049,932,2.02
2023-01-26,3,981,935,1.7
2023-01-27,3,1266,1115,1.41
2023-01-28,3,785,694,2.26
2023-01-29,3,721,637,2.58
2023-01-30,3,1095,970,2.48
2023-01-31,3,1081,992,1.08
2023-02-01,3,1078,1002,1.87
2023-02-02,3,1070,946,2.01
2023-02-03,3,1105,975,1.52
2023-02-04,3,703,639,1.95
2023-02-05,3,710,635,3.33
2023-02-06,3,1086,958,2.74
2023-02-07,3,1142,1034,1.34
2023-02-08,3,1079,1031,1.36
2023-02-09,3,1113,1002,2.05
2023-02-10,3,1108,1020,1.71
2023-02-11,3,758,689,1.25
2023-02-12,3,700,644,2.1
2023-02-13,3,1100,1005,2.6
2023-02-14,3,1051,937,2.51
2023-02-15,3,1049,961,1.61
2023-02-16,3,1068,997,2.01
2023-02-17,3,1032,931,1.24
2023-02-18,3,774,680,0.89
2023-02-19,3,706,630,2.08
2023-02-20,3,1143,1044,1.38
2023-02-21,3,1006,904,2.55
2023-02-22,3,1093,1002,1.17
2023-02-23,3,1015,893,2.37
2023-02-24,3,1035,956,2.15
2023-02-25,3,777,688,1.75
2023-02-26,3,738,660,1.73
2023-02-27,3,1007,884,2.23
2023-02-28,3,1108,966,2.41
2023-03-01,3,1085,980,2.19
2023-03-02,3,1075,984,2.06
2023-03-03,3,1090,939,0.83
2023-03-04,3,732,656,1.95
2023-03-05,3,691,638,1.33
2023-03-06,3,1092,972,2.03
2023-03-07,3,1055,941,1.9
2023-03-08,3,1169,1030,2.23
2023-03-09,3,1060,945,1.9
2023-03-10,3,1034,940,2.5
2023-03-11,3,812,738,2.23
2023-03-12,3,788,709,2.68
2023-03-13,3,1044,969,3.22
2023-03-14,3,1109,990,2.3
2023-03-15,3,954,839,2.48
2023-03-16,3,1095,1012,2.7
2023-03-17,3,1130,1030,1.43
2023-03-18,3,772,697,1.0
2023-03-19,3,772,701,1.5
2023-03-20,3,934,820,2.05
2023-03-21,3,1036,914,1.46
2023-03-22,3,1088,965,1.7
2023-03-23,3,1104,1012,1.7
2023-03-24,3,1117,1018,1.68
2023-03-25,3,769,680,2.78
2023-03-26,3,719,661,1.77
2023-03-27,3,1083,980,1.39
2023-03-28,3,1097,976,1.49
2023-03-29,3,1032,913,1.33
2023-03-30,3,1000,915,1.47
2023-03-31,3,1109,1001,2.04
2023-04-01,3,808,744,2.9
2023-04-02,3,752,696,2.53
2023-04-03,3,1050,942,2.47
2023-04-04,3,1116,1011,2.34
2023-04-05,3,1078,976,2.92
2023-04-06,3,1107,1000,1.87
2023-04-07,3,1114,994,2.12
2023-04-08,3,742,660,1.73
2023-04-09,3,708,646,1.76
2023-04-10,3,1134,1014,1.84
2023-04-11,3,1104,969,2.35
2023-04-12,3,1030,924,1.6
2023-04-13,3,1060,956,1.64
2023-04-14,3,1007,932,1.52
2023-04-15,3,776,687,1.98
2023-04-16,3,739,649,2.79
2023-04-17,3,1069,932,1.92
2023-04-18,3,1028,941,2.38
2023-04-19,3,962,897,1.47
2023-04-20,3,1038,910,2.63
2023-04-21,3,1072,971,1.56
2023-04-22,3,750,681,1.78
2023-04-23,3,786,695,1.49
2023-04-24,3,1074,971,1.54
2023-04-25,3,1021,968,2.32
2023-04-26,3,1071,941,1.48
2023-04-27,3,1135,1013,0.9
2023-04-28,3,1064,1037,1.54
2023-04-29,3,719,678,1.48
2023-04-30,3,737,654,1.33
2023-05-01,3,1009,885,2.51
2023-05-02,3,1176,1065,1.48
2023-05-03,3,1104,993,1.94
2023-05-04,3,1110,1012,2.71
2023-05-05,3,1078,999,1.79
2023-05-06,3,705,632,1.84
2023-05-07,3,784,699,1.94
2023-05-08,3,1006,925,1.71
2023-05-09,3,1190,1052,1.9
2023-05-10,3,1013,921,1.48
2023-05-11,3,1060,971,1.72
2023-05-12,3,1086,944,1.91
2023-05-13,3,819,749,1.79
2023-05-14,3,732,661,2.16
2023-05-15,3,1060,959,1.47
2023-05-16,3,1051,911,2.06
2023-05-17,3,1077,947,1.95
2023-05-18,3,963,902,1.24
2023-05-19,3,1131,1051,2.7
2023-05-20,3,774,699,2.04
2023-05-21,3,747,665,2.61
2023-05-22,3,1100,1014,2.59
2023-05-23,3,1058,936,2.39
2023-05-24,3,1031,910,1.3
2023-05-25,3,1109,1007,1.6
2023-05-26,3,1126,1003,2.74
2023-05-27,3,772,709,1.51
2023-05-28,3,796,731,2.41
2023-05-29,3,1048,921,1.89
2023-05-30,3,1038,945,2.59
2023-05-31,3,1142,1016,3.14
2023-06-01,3,904,804,2.09
2023-06-02,3,985,902,1.53
2023-06-03,3,676,632,2.58
2023-06-04,3,707,637,2.36
2023-06-05,3,1023,915,2.35
2023-06-06,3,1033,926,2.08
2023-06-07,3,942,843,2.0
2023-06-08,3,960,841,1.74
2023-06-09,3,1000,899,1.83
2023-06-10,3,615,559,1.74
2023-06-11,3,603,557,0.83
2023-06-12,3,916,835,1.84
2023-06-13,3,915,812,1.95
2023-06-14,3,985,877,1.67
2023-06-15,3,920,832,1.01
2023-06-16,3,926,825,2.67
2023-06-17,3,659,595,2.38
2023-06-18,3,669,571,2.94
2023-06-19,3,938,843,2.37
2023-06-20,3,1017,900,2.62
2023-06-21,3,981,877,1.91
2023-06-22,3,943,839,1.77
2023-06-23,3,1035,948,1.96
2023-06-24,3,665,606,1.71
2023-06-25,3,642,585,1.85
2023-06-26,3,966,874,3.17
2023-06-27,3,1046,941,1.99
2023-06-28,3,898,800,1.13
2023-06-29,3,1027,919,2.73
2023-06-30,3,863,739,2.19
2023-07-01,3,728,652,1.31
2023-07-02,3,675,603,1.0
2023-07-03,3,885,769,1.77
2023-07-04,3,1018,893,2.59
2023-07-05,3,1001,890,1.76
2023-07-06,3,943,849,1.27
2023-07-07,3,963,859,1.4
2023-07-08,3,695,623,1.94
2023-07-09,3,693,618,1.8
2023-07-10,3,958,861,1.3
2023-07-11,3,945,860,2.28
2023-07-12,3,916,813,2.6
2023-07-13,3,1076,963,2.12
2023-07-14,3,946,874,1.89
2023-07-15,3,684,607,2.52
2023-07-16,3,728,671,1.28
2023-07-17,3,934,862,2.63
2023-07-18,3,930,834,2.67
2023-07-19,3,908,793,1.89
2023-07-20,3,940,853,2.62
2023-07-21,3,984,880,1.52
2023-07-22,3,669,595,2.12
2023-07-23,3,658,580,2.01
2023-07-24,3,973,864,2.78
2023-07-25,3,858,783,1.57
2023-07-26,3,941,845,2.08
2023-07-27,3,1018,940,1.67
2023-07-28,3,917,823,1.78
2023-07-29,3,633,576,2.35
2023-07-30,3,700,637,2.14
2023-07-31,3,983,900,1.62
2023-08-01,3,853,761,1.6
2023-08-02,3,986,896,3.06
2023-08-03,3,958,855,2.0
2023-08-04,3,990,892,3.1
2023-08-05,3,674,603,2.06
2023-08-06,3,645,603,1.87
2023-08-07,3,1050,919,2.11
2023-08-08,3,854,772,2.05
2023-08-09,3,989,868,2.84
2023-08-10,3,1013,913,2.35
2023-08-11,3,934,840,2.34
2023-08-12,3,730,667,1.65
2023-08-13,3,626,566,2.44
2023-08-14,3,951,862,2.11
2023-08-15,3,1039,932,2.52
2023-08-16,3,959,872,2.58
2023-08-17,3,898,796,1.56
2023-08-18,3,1007,877,1.84
2023-08-19,3,631,565,1.54
2023-08-20,3,694,624,1.75
2023-08-21,3,922,837,1.29
2023-08-22,3,955,864,2.16
2023-08-23,3,997,912,1.68
2023-08-24,3,943,835,1.8
2023-08-25,3,943,856,2.27
2023-08-26,3,681,611,1.43
2023-08-27,3,692,637,1.77
2023-08-28,3,941,851,2.14
2023-08-29,3,1006,941,2.17
2023-08-30,3,1003,924,2.17
2023-08-31,3,923,830,1.52
2023-09-01,3,1032,922,2.16
2023-09-02,3,747,663,2.15
2023-09-03,3,744,684,2.27
2023-09-04,3,983,906,1.65
2023-09-05,3,1089,987,1.19
2023-09-06,3,1141,1031,1.58
2023-09-07,3,1019,886,2.29
2023-09-08,3,1063,957,1.48
2023-09-09,3,732,657,1.81
2023-09-10,3,710,632,2.33
2023-09-11,3,1065,926,1.68
2023-09-12,3,1012,924,1.14
2023-09-13,3,1113,997,2.06
2023-09-14,3,1085,973,1.53
2023-09-15,3,1030,910,2.28
2023-09-16,3,753,686,2.03
2023-09-17,3,779,687,1.39
2023-09-18,3,1044,913,1.39
2023-09-19,3,1170,1080,1.66
2023-09-20,3,1044,905,2.95
2023-09-21,3,1160,1066,2.4
2023-09-22,3,1134,1031,3.03
2023-09-23,3,725,645,2.48
2023-09-24,3,734,662,1.74
2023-09-25,3,1140,1073,2.56
2023-09-26,3,1004,899,1.28
2023-09-27,3,1169,1053,1.78
2023-09-28,3,1004,892,2.25
2023-09-29,3,1059,933,1.23
2023-09-30,3,765,681,1.75
2023-10-01,3,742,643,2.07
2023-10-02,3,1010,931,1.93
2023-10-03,3,1049,918,2.08
2023-10-04,3,1093,1014,1.38
2023-10-05,3,1072,971,2.03
2023-10-06,3,1141,1033,1.91
2023-10-07,3,750,664,2.62
2023-10-08,3,776,683,1.44
2023-10-09,3,1103,971,1.6
2023-10-10,3,1152,1043,2.59
2023-10-11,3,1001,901,1.98
2023-10-12,3,1041,938,1.71
2023-10-13,3,1063,980,1.79
2023-10-14,3,780,691,1.58
2023-10-15,3,782,710,1.35
2023-10-16,3,1078,984,2.27
2023-10-17,3,1003,898,1.95
2023-10-18,3,1044,960,2.63
2023-10-19,3,1001,907,2.26
2023-10-20,3,1014,895,1.81
2023-10-21,3,773,716,2.21
2023-10-22,3,692,623,2.48
2023-10-23,3,1055,956,2.99
2023-10-24,3,942,839,2.31
2023-10-25,3,1167,1065,1.81
2023-10-26,3,1013,912,1.37
2023-10-27,3,1036,926,1.36
2023-10-28,3,759,689,2.6
2023-10-29,3,756,686,1.94
2023-10-30,3,1004,904,2.02
2023-10-31,3,1069,964,2.56
2023-11-01,3,1482,1234,1.99
2023-11-02,3,1323,1178,1.43
2023-11-03,3,1414,1314,2.07
2023-11-04,3,937,841,1.03
2023-11-05,3,967,874,1.29
2023-11-06,3,1390,1216,1.98
2023-11-07,3,1342,1182,1.76
2023-11-08,3,1373,1187,2.08
2023-11-09,3,1315,1138,1.9
2023-11-10,3,1381,1214,2.39
2023-11-11,3,936,850,1.63
2023-11-12,3,944,894,1.56
2023-11-13,3,1404,1260,2.28
2023-11-14,3,1416,1333,1.88
2023-11-15,3,1335,1196,1.87
2023-11-16,3,1339,1187,2.58
2023-11-17,3,1459,1282,1.89
2023-11-18,3,847,781,1.31
2023-11-19,3,1016,939,1.04
2023-11-20,3,1381,1250,3.12
2023-11-21,3,1450,1253,1.99
2023-11-22,3,1322,1148,2.0
2023-11-23,3,1333,1218,2.13
2023-11-24,3,1419,1318,1.22
2023-11-25,3,969,861,2.34
2023-11-26,3,1040,916,2.25
2023-11-27,3,1446,1328,1.78
2023-11-28,3,1370,1235,3.04
2023-11-29,3,1441,1327,1.44
2023-11-30,3,1428,1313,1.81
2023-12-01,3,1240,1134,1.74
2023-12-02,3,944,842,3.06
2023-12-03,3,909,816,1.92
2023-12-04,3,1392,1275,2.25
2023-12-05,3,1445,1274,2.5
2023-12-06,3,1411,1267,1.14
2023-12-07,3,1285,1185,1.68
2023-12-08,3,1377,1196,2.05
2023-12-09,3,985,865,1.76
2023-12-10,3,915,834,2.12
2023-12-11,3,1461,1336,2.54
2023-12-12,3,1434,1279,1.31
2023-12-13,3,1286,1188,2.57
2023-12-14,3,1255,1129,2.2
2023-12-15,3,1352,1224,1.69
2023-12-16,3,1028,902,1.3
2023-12-17,3,979,864,1.54
2023-12-18,3,1370,1253,2.06
2023-12-19,3,1476,1316,2.16
2023-12-20,3,1423,1280,2.16
2023-12-21,3,1446,1325,1.8
2023-12-22,3,1412,1235,3.59
2023-12-23,3,1006,872,2.76
2023-12-24,3,1011,907,2.12
2023-12-25,3,1356,1230,0.8
2023-12-26,3,1387,1240,1.51
2023-12-27,3,1273,1138,2.03
2023-12-28,3,1323,1187,2.25
2023-12-29,3,1313,1155,2.45
2023-12-30,3,1044,964,1.77
2023-12-31,3,1001,907,3.27
2024-01-01,3,1078,954,1.65
2024-01-02,3,1057,969,1.68
2024-01-03,3,1126,1016,1.87
2024-01-04,3,1098,959,2.16
2024-01-05,3,1025,938,1.6
2024-01-06,3,763,677,2.72
2024-01-07,3,740,640,1.67
2024-01-08,3,1026,924,1.81
2024-01-09,3,1117,996,1.36
2024-01-10,3,1079,989,1.01
2024-01-11,3,1038,974,1.66
2024-01-12,3,1091,1020,2.64
2024-01-13,3,707,615,1.98
2024-01-14,3,707,634,3.5
2024-01-15,3,1100,1014,2.57
2024-01-16,3,1007,930,1.58
2024-01-17,3,1089,1003,2.1
2024-01-18,3,991,892,1.56
2024-01-19,3,959,860,2.06
2024-01-20,3,708,647,1.91
2024-01-21,3,731,665,2.14
2024-01-22,3,1025,944,2.14
2024-01-23,3,1089,994,1.04
2024-01-24,3,1119,1015,2.17
2024-01-25,3,1104,1041,2.37
2024-01-26,3,1127,1017,1.64
2024-01-27,3,789,709,1.68
2024-01-28,3,764,676,1.48
2024-01-29,3,1008,898,2.5
2024-01-30,3,1016,918,1.43
2024-01-31,3,1036,929,2.5
2024-02-01,3,1035,892,2.14
2024-02-02,3,1008,901,1.78
2024-02-03,3,762,683,1.89
2024-02-04,3,743,681,1.64
2024-02-05,3,1027,917,1.52
2024-02-06,3,1134,1019,2.71
2024-02-07,3,1067,917,2.34
2024-02-08,3,1104,984,1.58
2024-02-09,3,1147,1018,2.16
2024-02-10,3,730,658,2.35
2024-02-11,3,764,691,1.91
2024-02-12,3,1116,1000,1.51
2024-02-13,3,1042,973,1.59
2024-02-14,3,1038,937,0.83
2024-02-15,3,1070,989,2.3
2024-02-16,3,995,891,1.84
2024-02-17,3,769,691,2.39
2024-02-18,3,748,671,1.64
2024-02-19,3,1070,920,1.95
2024-02-20,3,1105,997,2.27
2024-02-21,3,1097,1018,1.74
2024-02-22,3,1047,948,2.58
2024-02-23,3,1100,951,2.2
2024-02-24,3,748,679,1.78
2024-02-25,3,733,674,2.41
2024-02-26,3,970,885,1.37
2024-02-27,3,1023,940,2.78
2024-02-28,3,1070,965,1.85
2024-02-29,3,1046,952,1.26
2024-03-01,3,1006,917,2.25
2024-03-02,3,755,660,1.95
2024-03-03,3,768,683,1.88
2024-03-04,3,1044,926,1.79
2024-03-05,3,1106,1004,1.68
2024-03-06,3,1074,949,2.46
2024-03-07,3,1132,1047,2.53
2024-03-08,3,997,853,2.54
2024-03-09,3,778,715,1.16
2024-03-10,3,704,626,2.03
2024-03-11,3,1002,877,2.04
2024-03-12,3,1008,904,2.18
2024-03-13,3,1101,987,2.22
2024-03-14,3,1151,1045,2.11
2024-03-15,3,1114,998,2.31
2024-03-16,3,812,696,2.1
2024-03-17,3,839,743,1.85
2024-03-18,3,1082,996,2.0
2024-03-19,3,1134,1020,2.48
2024-03-20,3,1041,919,1.71
2024-03-21,3,1110,991,1.79
2024-03-22,3,1029,915,1.77
2024-03-23,3,688,608,1.88
2024-03-24,3,770,675,1.71
2024-03-25,3,987,886,2.76
2024-03-26,3,1061,922,1.76
2024-03-27,3,1037,960,1.44
2024-03-28,3,1094,1012,2.21
2024-03-29,3,1167,1054,1.8
2024-03-30,3,769,696,2.45
2024-03-31,3,764,711,1.17
2024-04-01,3,1128,1022,2.26
2024-04-02,3,1049,934,1.65
2024-04-03,3,1017,922,2.51
2024-04-04,3,1129,1039,1.94
2024-04-05,3,1092,961,1.47
2024-04-06,3,721,638,1.8
2024-04-07,3,812,716,0.77
2024-04-08,3,1095,995,1.56
2024-04-09,3,1149,993,1.92
2024-04-10,3,1073,949,2.26
2024-04-11,3,1044,936,2.3
2024-04-12,3,1107,969,1.84
2024-04-13,3,606,547,2.94
2024-04-14,3,734,676,2.23
2024-04-15,3,1040,942,1.65
2024-04-16,3,1088,957,2.41
2024-04-17,3,1134,985,2.02
2024-04-18,3,1061,982,2.11
2024-04-19,3,979,899,1.3
2024-04-20,3,724,670,2.5
2024-04-21,3,706,613,1.49
2024-04-22,3,1117,997,2.0
2024-04-23,3,1055,938,2.43
2024-04-24,3,1131,1004,2.28
2024-04-25,3,1112,1019,1.73
2024-04-26,3,1050,995,1.77
2024-04-27,3,762,698,1.62
2024-04-28,3,719,662,1.67
2024-04-29,3,1109,1025,2.41
2024-04-30,3,1121,1011,2.0
2024-05-01,3,1136,1015,1.34
2024-05-02,3,1035,943,2.09
2024-05-03,3,1039,947,2.67
2024-05-04,3,688,620,1.72
2024-05-05,3,731,660,2.37
2024-05-06,3,1062,937,1.65
2024-05-07,3,1087,944,3.44
2024-05-08,3,1028,909,2.85
2024-05-09,3,998,853,1.73
2024-05-10,3,1070,976,2.2
2024-05-11,3,785,707,1.81
2024-05-12,3,755,708,1.82
2024-05-13,3,1127,1010,2.01
2024-05-14,3,1142,1011,2.09
2024-05-15,3,1067,959,1.34
2024-05-16,3,1115,1009,2.14
2024-05-17,3,1034,914,1.93
2024-05-18,3,771,690,2.14
2024-05-19,3,809,711,2.05
2024-05-20,3,1027,914,1.69
2024-05-21,3,1114,985,1.45
2024-05-22,3,1084,1002,1.64
2024-05-23,3,1094,974,1.62
2024-05-24,3,1096,1002,2.1
2024-05-25,3,755,687,2.09
2024-05-26,3,787,712,1.69
2024-05-27,3,1065,988,1.32
2024-05-28,3,1024,936,2.2
2024-05-29,3,1132,1053,1.75
2024-05-30,3,1042,912,2.05
2024-05-31,3,1049,951,2.54
2024-06-01,3,697,628,2.93
2024-06-02,3,635,603,1.96
2024-06-03,3,998,888,1.81
2024-06-04,3,882,817,2.03
2024-06-05,3,918,827,2.04
2024-06-06,3,943,887,1.4
2024-06-07,3,973,866,2.2
2024-06-08,3,616,551,1.36
2024-06-09,3,660,591,1.53
2024-06-10,3,1001,893,2.46
2024-06-11,3,879,823,2.07
2024-06-12,3,976,882,2.89
2024-06-13,3,948,866,2.12
2024-06-14,3,915,829,2.2
2024-06-15,3,710,645,2.11
2024-06-16,3,758,665,1.23
2024-06-17,3,997,885,1.64
2024-06-18,3,1012,883,1.44
2024-06-19,3,898,803,1.74
2024-06-20,3,1004,880,2.13
2024-06-21,3,957,838,2.79
2024-06-22,3,659,612,1.13
2024-06-23,3,654,593,2.22
2024-06-24,3,946,851,2.07
2024-06-25,3,966,872,2.48
2024-06-26,3,997,880,2.31
2024-06-27,3,989,875,1.74
2024-06-28,3,862,790,1.78
2024-06-29,3,680,592,1.68
2024-06-30,3,657,585,2.15
2024-07-01,3,912,792,1.77
2024-07-02,3,1037,903,2.41
2024-07-03,3,926,874,2.39
2024-07-04,3,1067,954,1.73
2024-07-05,3,1003,899,2.32
2024-07-06,3,652,598,2.0
2024-07-07,3,730,654,2.03
2024-07-08,3,895,800,2.52
2024-07-09,3,971,888,2.34
2024-07-10,3,915,786,2.41
2024-07-11,3,1030,966,2.68
2024-07-12,3,986,890,1.41
2024-07-13,3,715,625,1.12
2024-07-14,3,661,592,2.78
2024-07-15,3,975,917,2.01
2024-07-16,3,991,905,1.34
2024-07-17,3,932,804,1.67
2024-07-18,3,997,952,2.16
2024-07-19,3,929,825,2.77
2024-07-20,3,667,601,1.37
2024-07-21,3,668,610,1.62
2024-07-22,3,956,865,2.4
2024-07-23,3,937,829,2.35
2024-07-24,3,895,794,2.26
2024-07-25,3,899,832,2.16
2024-07-26,3,998,940,2.72
2024-07-27,3,656,595,1.99
2024-07-28,3,632,569,2.02
2024-07-29,3,968,901,2.66
2024-07-30,3,959,847,2.07
2024-07-31,3,976,878,1.4
2024-08-01,3,920,794,3.21
2024-08-02,3,972,850,2.42
2024-08-03,3,674,589,1.85
2024-08-04,3,624,540,1.33
2024-08-05,3,957,834,1.06
2024-08-06,3,1007,884,2.22
2024-08-07,3,1031,942,2.14
2024-08-08,3,908,808,1.8
2024-08-09,3,950,852,1.21
2024-08-10,3,711,663,1.69
2024-08-11,3,732,663,1.63
2024-08-12,3,957,856,2.43
2024-08-13,3,945,832,2.9
2024-08-14,3,994,927,2.26
2024-08-15,3,941,843,2.24
2024-08-16,3,907,806,2.25
2024-08-17,3,682,614,2.87
2024-08-18,3,678,606,2.5
2024-08-19,3,923,816,1.63
2024-08-20,3,905,830,2.87
2024-08-21,3,1018,912,2.62
2024-08-22,3,970,868,2.17
2024-08-23,3,902,815,2.32
2024-08-24,3,596,534,2.27
2024-08-25,3,720,638,1.56
2024-08-26,3,1031,939,2.12
2024-08-27,3,952,839,2.15
2024-08-28,3,975,836,2.71
2024-08-29,3,980,900,2.93
2024-08-30,3,958,877,2.71
2024-08-31,3,752,672,1.64
2024-09-01,3,728,674,1.21
2024-09-02,3,1051,948,1.77
2024-09-03,3,1124,1006,2.99
2024-09-04,3,1019,891,3.02
2024-09-05,3,898,841,1.97
2024-09-06,3,1078,1000,1.98
2024-09-07,3,795,737,2.58
2024-09-08,3,703,611,1.99
2024-09-09,3,1080,981,2.32
2024-09-10,3,1019,908,2.91
2024-09-11,3,1117,1017,1.85
2024-09-12,3,1134,1033,2.26
2024-09-13,3,1085,971,2.23
2024-09-14,3,726,674,1.25
2024-09-15,3,727,640,2.4
2024-09-16,3,1112,978,1.93
2024-09-17,3,962,848,1.71
2024-09-18,3,1128,1023,1.91
2024-09-19,3,970,877,2.79
2024-09-20,3,1056,962,1.21
2024-09-21,3,755,667,2.35
2024-09-22,3,723,658,2.17
2024-09-23,3,1148,1046,1.41
2024-09-24,3,1070,962,1.65
2024-09-25,3,1050,940,2.53
2024-09-26,3,1026,944,1.63
2024-09-27,3,1072,950,2.26
2024-09-28,3,743,655,1.88
2024-09-29,3,742,675,1.78
2024-09-30,3,1126,986,1.85
2024-10-01,3,1176,1097,1.71
2024-10-02,3,997,885,2.09
2024-10-03,3,1010,937,1.48
2024-10-04,3,966,868,1.75
2024-10-05,3,728,661,2.17
2024-10-06,3,678,616,1.68
2024-10-07,3,1065,941,1.31
2024-10-08,3,1041,969,2.01
2024-10-09,3,1035,926,1.48
2024-10-10,3,1087,974,2.85
2024-10-11,3,1033,932,2.17
2024-10-12,3,738,688,2.12
2024-10-13,3,771,689,2.81
2024-10-14,3,1093,1000,2.41
2024-10-15,3,1068,980,2.17
2024-10-16,3,1024,908,1.65
2024-10-17,3,1165,1075,2.25
2024-10-18,3,996,902,1.0
2024-10-19,3,726,647,0.93
2024-10-20,3,772,688,2.04
2024-10-21,3,1200,1112,1.39
2024-10-22,3,1087,1001,2.85
2024-10-23,3,1058,1013,1.77
2024-10-24,3,905,815,2.33
2024-10-25,3,1080,999,2.01
2024-10-26,3,735,680,2.93
2024-10-27,3,815,708,1.28
2024-10-28,3,1063,977,2.62
2024-10-29,3,1096,953,2.02
2024-10-30,3,1036,921,1.68
2024-10-31,3,1037,966,1.35
2024-11-01,3,1387,1267,2.3
2024-11-02,3,944,865,1.4
2024-11-03,3,1018,907,2.61
2024-11-04,3,1276,1152,1.19
2024-11-05,3,1422,1277,1.71
2024-11-06,3,1339,1186,2.86
2024-11-07,3,1339,1210,1.2
2024-11-08,3,1410,1240,2.06
2024-11-09,3,948,811,2.15
2024-11-10,3,937,854,2.38
2024-11-11,3,1408,1269,1.98
2024-11-12,3,1297,1201,1.8
2024-11-13,3,1396,1223,2.43
2024-11-14,3,1415,1310,1.72
2024-11-15,3,1414,1237,2.44
2024-11-16,3,935,816,1.64
2024-11-17,3,909,845,1.6
2024-11-18,3,1307,1126,2.29
2024-11-19,3,1295,1145,1.63
2024-11-20,3,1336,1168,1.77
2024-11-21,3,1395,1310,2.23
2024-11-22,3,1337,1236,1.14
2024-11-23,3,965,862,1.77
2024-11-24,3,991,858,1.4
2024-11-25,3,1311,1154,2.39
2024-11-26,3,1396,1222,2.59
2024-11-27,3,1455,1325,2.52
2024-11-28,3,1314,1161,1.62
2024-11-29,3,1331,1194,2.08
2024-11-30,3,1035,905,2.74
2024-12-01,3,946,842,2.43
2024-12-02,3,1425,1361,1.96
2024-12-03,3,1312,1179,3.0
2024-12-04,3,1323,1247,1.26
2024-12-05,3,1370,1242,2.91
2024-12-06,3,1396,1250,2.51
2024-12-07,3,1026,948,0.86
2024-12-08,3,957,858,1.44
2024-12-09,3,1424,1310,2.09
2024-12-10,3,1448,1284,2.12
2024-12-11,3,1313,1144,2.22
2024-12-12,3,1361,1171,1.1
2024-12-13,3,1505,1367,2.03
2024-12-14,3,926,836,1.95
2024-12-15,3,931,845,1.53
2024-12-16,3,1320,1219,2.0
2024-12-17,3,1409,1268,1.8
2024-12-18,3,1463,1287,2.21
2024-12-19,3,1519,1390,1.49
2024-12-20,3,1401,1330,1.22
2024-12-21,3,1075,942,1.62
2024-12-22,3,932,857,1.77
2024-12-23,3,1364,1255,2.12
2024-12-24,3,1432,1274,1.79
2024-12-25,3,1402,1286,2.23
2024-12-26,3,1415,1317,2.04
2024-12-27,3,1439,1362,1.85
2024-12-28,3,943,846,1.32
2024-12-29,3,914,802,2.26
2024-12-30,3,1449,1291,1.18
2024-12-31,3,1406,1228,2.37
2023-01-01,4,719,635,2.51
2023-01-02,4,1145,1012,1.56
2023-01-03,4,1112,990,1.53
2023-01-04,4,1099,950,2.15
2023-01-05,4,1058,966,1.82
2023-01-06,4,1065,980,1.87
2023-01-07,4,768,683,1.04
2023-01-08,4,723,633,3.41
2023-01-09,4,1129,1033,2.12
2023-01-10,4,1107,1023,1.79
2023-01-11,4,973,866,2.51
2023-01-12,4,1138,1031,2.5
2023-01-13,4,1113,1039,1.87
2023-01-14,4,723,640,1.82
2023-01-15,4,715,637,1.81
2023-01-16,4,1066,939,1.89
2023-01-17,4,1037,931,1.05
2023-01-18,4,1014,915,1.69
2023-01-19,4,1025,966,1.88
2023-01-20,4,1040,921,2.29
2023-01-21,4,750,686,1.85
2023-01-22,4,676,608,2.28
2023-01-23,4,982,921,1.33
2023-01-24,4,972,870,1.62
2023-01-25,4,1024,923,2.24
2023-01-26,4,1143,1039,2.14
2023-01-27,4,1113,1038,1.69
2023-01-28,4,715,642,1.97
2023-01-29,4,732,668,2.96
2023-01-30,4,1079,987,2.42
2023-01-31,4,959,845,1.72
2023-02-01,4,1026,938,3.04
2023-02-02,4,1070,978,1.72
2023-02-03,4,1088,974,1.98
2023-02-04,4,689,615,1.89
2023-02-05,4,691,619,2.61
2023-02-06,4,1038,938,1.65
2023-02-07,4,1150,1022,1.2
2023-02-08,4,1076,978,1.19
2023-02-09,4,1105,1021,2.02
2023-02-10,4,1049,965,1.2
2023-02-11,4,775,704,2.13
2023-02-12,4,758,711,2.1
2023-02-13,4,1002,906,3.29
2023-02-14,4,1036,966,1.06
2023-02-15,4,1094,986,1.43
2023-02-16,4,1112,977,2.13
2023-02-17,4,1148,1038,2.08
2023-02-18,4,762,690,0.66
2023-02-19,4,755,681,1.99
2023-02-20,4,1100,994,1.72
2023-02-21,4,944,838,1.65
2023-02-22,4,1029,934,1.13
2023-02-23,4,1035,942,1.69
2023-02-24,4,1102,928,2.17
2023-02-25,4,753,689,1.8
2023-02-26,4,775,670,2.21
2023-02-27,4,1070,977,1.8
2023-02-28,4,1065,961,1.84
2023-03-01,4,1036,920,1.75
2023-03-02,4,1040,925,2.86
2023-03-03,4,1118,954,1.99
2023-03-04,4,726,652,2.81
2023-03-05,4,765,657,3.14
2023-03-06,4,1140,1014,2.84
2023-03-07,4,1022,911,2.16
2023-03-08,4,1013,905,2.04
2023-03-09,4,1080,955,1.41
2023-03-10,4,1054,932,2.56
2023-03-11,4,746,685,1.42
2023-03-12,4,747,658,2.3
2023-03-13,4,1075,968,1.3
2023-03-14,4,1102,1018,1.14
2023-03-15,4,1076,942,1.84
2023-03-16,4,1046,951,2.41
2023-03-17,4,1105,955,1.86
2023-03-18,4,715,646,2.27
2023-03-19,4,739,650,2.38
2023-03-20,4,1093,975,0.78
2023-03-21,4,1052,944,1.96
2023-03-22,4,1114,999,2.2
2023-03-23,4,1182,1045,2.31
2023-03-24,4,1118,1044,2.13
2023-03-25,4,726,668,1.71
2023-03-26,4,754,670,2.29
2023-03-27,4,1019,936,2.38
2023-03-28,4,1178,1050,2.03
2023-03-29,4,1130,1021,2.31
2023-03-30,4,964,838,1.93
2023-03-31,4,1036,935,2.74
2023-04-01,4,741,655,2.24
2023-04-02,4,696,628,1.92
2023-04-03,4,1038,942,1.68
2023-04-04,4,1057,965,2.02
2023-04-05,4,1064,974,1.75
2023-04-06,4,1084,994,1.7
2023-04-07,4,1023,951,1.95
2023-04-08,4,741,680,2.21
2023-04-09,4,730,668,2.22
2023-04-10,4,1021,963,1.68
2023-04-11,4,1072,941,2.77
2023-04-12,4,1083,981,2.61
2023-04-13,4,1053,922,1.89
2023-04-14,4,1016,905,1.48
2023-04-15,4,756,673,1.8
2023-04-16,4,746,687,2.29
2023-04-17,4,1083,959,2.26
2023-04-18,4,1139,1032,2.24
2023-04-19,4,1082,979,2.02
2023-04-20,4,1197,1083,2.02
2023-04-21,4,999,891,2.16
2023-04-22,4,772,707,1.95
2023-04-23,4,757,693,1.78
2023-04-24,4,1094,1012,1.46
2023-04-25,4,1169,1019,1.58
2023-04-26,4,1078,957,2.59
2023-04-27,4,1188,1080,1.63
2023-04-28,4,1044,925,1.27
2023-04-29,4,732,635,1.88
2023-04-30,4,766,667,2.7
2023-05-01,4,977,895,1.63
2023-05-02,4,948,848,1.9
2023-05-03,4,1111,1008,1.95
2023-05-04,4,1152,1020,2.52
2023-05-05,4,1087,948,1.07
2023-05-06,4,734,691,2.35
2023-05-07,4,711,632,2.01
2023-05-08,4,967,867,2.28
2023-05-09,4,1088,970,1.91
2023-05-10,4,1099,961,1.55
2023-05-11,4,1051,998,1.74
2023-05-12,4,1009,881,2.24
2023-05-13,4,672,588,1.96
2023-05-14,4,808,735,1.65
2023-05-15,4,1007,897,1.71
2023-05-16,4,1106,992,1.78
2023-05-17,4,1063,955,1.91
2023-05-18,4,1096,1004,1.46
2023-05-19,4,1077,970,1.95
2023-05-20,4,725,639,1.47
2023-05-21,4,734,661,2.14
2023-05-22,4,1071,1020,2.33
2023-05-23,4,977,896,2.91
2023-05-24,4,1022,939,2.38
2023-05-25,4,989,886,0.97
2023-05-26,4,951,854,1.73
2023-05-27,4,741,665,1.58
2023-05-28,4,746,648,1.89
2023-05-29,4,1059,956,1.26
2023-05-30,4,1042,956,2.29
2023-05-31,4,1059,957,1.52
2023-06-01,4,935,824,1.87
2023-06-02,4,1010,901,2.36
2023-06-03,4,612,572,2.56
2023-06-04,4,652,613,2.21
2023-06-05,4,1040,945,2.1
2023-06-06,4,901,808,2.62
2023-06-07,4,852,766,2.4
2023-06-08,4,985,888,1.36
2023-06-09,4,874,800,2.62
2023-06-10,4,671,602,1.71
2023-06-11,4,631,570,1.98
2023-06-12,4,1041,915,1.43
2023-06-13,4,1003,885,1.2
2023-06-14,4,974,899,1.1
2023-06-15,4,991,888,2.57
2023-06-16,4,932,852,1.71
2023-06-17,4,692,625,1.85
2023-06-18,4,746,638,1.53
2023-06-19,4,936,823,1.38
2023-06-20,4,941,850,1.47
2023-06-21,4,1061,957,2.33
2023-06-22,4,903,810,2.42
2023-06-23,4,925,834,2.49
2023-06-24,4,639,564,2.47
2023-06-25,4,720,654,1.63
2023-06-26,4,907,812,1.5
2023-06-27,4,976,886,1.93
2023-06-28,4,997,894,2.06
2023-06-29,4,943,852,2.14
2023-06-30,4,1032,939,2.26
2023-07-01,4,622,546,2.57
2023-07-02,4,706,644,2.03
2023-07-03,4,961,852,2.4
2023-07-04,4,894,830,2.43
2023-07-05,4,956,850,1.93
2023-07-06,4,1032,911,2.49
2023-07-07,4,925,819,1.05
2023-07-08,4,650,587,2.31
2023-07-09,4,675,578,2.72
2023-07-10,4,916,812,2.12
2023-07-11,4,891,776,2.51
2023-07-12,4,1007,918,1.8
2023-07-13,4,990,860,3.39
2023-07-14,4,905,783,2.4
2023-07-15,4,713,623,2.92
2023-07-16,4,691,648,2.32
2023-07-17,4,973,914,2.16
2023-07-18,4,1041,940,1.69
2023-07-19,4,909,831,2.82
2023-07-20,4,938,894,1.98
2023-07-21,4,948,872,2.37
2023-07-22,4,635,549,1.35
2023-07-23,4,663,611,1.82
2023-07-24,4,1014,933,2.35
2023-07-25,4,959,863,2.15
2023-07-26,4,986,908,2.66
2023-07-27,4,944,833,1.65
2023-07-28,4,951,865,2.77
2023-07-29,4,717,638,2.81
2023-07-30,4,696,655,3.09
2023-07-31,4,949,900,2.49
2023-08-01,4,963,858,2.28
2023-08-02,4,982,843,1.89
2023-08-03,4,974,857,2.34
2023-08-04,4,982,862,2.28
2023-08-05,4,698,654,2.61
2023-08-06,4,736,634,2.22
2023-08-07,4,956,832,2.52
2023-08-08,4,961,846,2.73
2023-08-09,4,947,834,2.52
2023-08-10,4,923,867,1.73
2023-08-11,4,902,824,2.1
2023-08-12,4,619,566,1.66
2023-08-13,4,661,575,1.88
2023-08-14,4,951,867,1.73
2023-08-15,4,873,787,1.68
2023-08-16,4,991,863,2.99
2023-08-17,4,957,891,2.87
2023-08-18,4,848,744,1.91
2023-08-19,4,694,618,1.9
2023-08-20,4,693,638,2.48
2023-08-21,4,995,878,2.13
2023-08-22,4,890,810,2.39
2023-08-23,4,864,769,2.84
2023-08-24,4,1005,892,1.29
2023-08-25,4,853,812,1.64
2023-08-26,4,678,589,2.0
2023-08-27,4,681,634,2.23
2023-08-28,4,969,899,1.78
2023-08-29,4,947,875,2.4
2023-08-30,4,957,884,2.11
2023-08-31,4,994,906,2.16
2023-09-01,4,1049,917,2.02
2023-09-02,4,769,705,2.28
2023-09-03,4,753,683,2.25
2023-09-04,4,1112,988,2.92
2023-09-05,4,1012,882,2.38
2023-09-06,4,1126,961,2.75
2023-09-07,4,1076,977,2.31
2023-09-08,4,1103,983,2.34
2023-09-09,4,710,648,1.35
2023-09-10,4,676,633,1.62
2023-09-11,4,1152,1044,3.34
2023-09-12,4,1054,941,1.07
2023-09-13,4,1116,998,1.96
2023-09-14,4,1088,982,2.06
2023-09-15,4,1113,1017,2.21
2023-09-16,4,721,642,1.9
2023-09-17,4,753,709,1.62
2023-09-18,4,1033,920,2.01
2023-09-19,4,1097,991,2.51
2023-09-20,4,1062,954,1.95
2023-09-21,4,1070,929,1.96
2023-09-22,4,1034,977,2.36
2023-09-23,4,671,607,1.73
2023-09-24,4,785,697,2.11
2023-09-25,4,1146,1040,2.56
2023-09-26,4,1008,906,2.64
2023-09-27,4,1036,937,1.67
2023-09-28,4,1047,952,2.16
2023-09-29,4,1132,994,2.4
2023-09-30,4,671,637,1.61
2023-10-01,4,739,670,2.95
2023-10-02,4,1044,934,2.57
2023-10-03,4,1140,1041,1.93
2023-10-04,4,1063,951,2.44
2023-10-05,4,1083,981,2.06
2023-10-06,4,1002,905,2.72
2023-10-07,4,739,655,1.65
2023-10-08,4,833,752,1.81
2023-10-09,4,1023,933,2.14
2023-10-10,4,1038,959,1.25
2023-10-11,4,978,860,1.98
2023-10-12,4,1075,936,2.89
2023-10-13,4,1005,912,1.89
2023-10-14,4,720,648,1.91
2023-10-15,4,695,617,1.98
2023-10-16,4,1062,917,1.22
2023-10-17,4,1131,1047,2.52
2023-10-18,4,1082,953,2.33
2023-10-19,4,1118,991,2.46
2023-10-20,4,1094,964,2.13
2023-10-21,4,722,652,2.18
2023-10-22,4,790,685,1.87
2023-10-23,4,1073,939,2.08
2023-10-24,4,1044,909,2.39
2023-10-25,4,1146,1009,1.89
2023-10-26,4,995,906,2.45
2023-10-27,4,1051,960,2.58
2023-10-28,4,801,713,0.75
2023-10-29,4,724,675,2.7
2023-10-30,4,1030,935,1.1
2023-10-31,4,1034,933,1.37
2023-11-01,4,1473,1339,1.49
2023-11-02,4,1423,1252,1.55
2023-11-03,4,1398,1290,1.96
2023-11-04,4,954,863,2.12
2023-11-05,4,965,884,2.91
2023-11-06,4,1292,1153,1.14
2023-11-07,4,1397,1291,1.87
2023-11-08,4,1478,1297,1.49
2023-11-09,4,1385,1238,1.39
2023-11-10,4,1570,1390,1.17
2023-11-11,4,967,846,1.78
2023-11-12,4,915,820,2.32
2023-11-13,4,1351,1274,2.45
2023-11-14,4,1376,1272,2.51
2023-11-15,4,1342,1174,2.0
2023-11-16,4,1308,1171,1.98
2023-11-17,4,1320,1158,2.52
2023-11-18,4,918,796,1.69
2023-11-19,4,903,809,2.01
2023-11-20,4,1442,1346,3.29
2023-11-21,4,1321,1173,1.15
2023-11-22,4,1313,1187,1.99
2023-11-23,4,1420,1265,1.64
2023-11-24,4,1505,1401,2.09
2023-11-25,4,943,829,1.64
2023-11-26,4,989,881,1.53
2023-11-27,4,1284,1143,2.18
2023-11-28,4,1273,1162,1.98
2023-11-29,4,1321,1209,2.19
2023-11-30,4,1437,1235,1.78
2023-12-01,4,1364,1230,2.08
2023-12-02,4,988,874,3.15
2023-12-03,4,887,794,1.26
2023-12-04,4,1386,1255,2.14
2023-12-05,4,1404,1275,2.94
2023-12-06,4,1364,1205,1.65
2023-12-07,4,1456,1338,2.21
2023-12-08,4,1367,1209,2.35
2023-12-09,4,961,885,1.59
2023-12-10,4,903,789,2.0
2023-12-11,4,1238,1085,2.38
2023-12-12,4,1370,1223,2.2
2023-12-13,4,1421,1271,1.95
2023-12-14,4,1241,1096,2.44
2023-12-15,4,1428,1344,1.13
2023-12-16,4,939,825,1.62
2023-12-17,4,1006,912,1.84
2023-12-18,4,1440,1349,2.99
2023-12-19,4,1310,1199,1.78
2023-12-20,4,1424,1283,2.49
2023-12-21,4,1470,1365,1.69
2023-12-22,4,1428,1268,2.84
2023-12-23,4,935,821,1.23
2023-12-24,4,1036,935,1.77
2023-12-25,4,1426,1277,2.06
2023-12-26,4,1447,1307,2.03
2023-12-27,4,1323,1178,2.64
2023-12-28,4,1381,1236,1.99
2023-12-29,4,1331,1224,1.8
2023-12-30,4,937,806,1.8
2023-12-31,4,940,846,1.89
2024-01-01,4,1045,949,1.64
2024-01-02,4,1118,1016,2.72
2024-01-03,4,1096,983,2.38
2024-01-04,4,1122,1056,2.19
2024-01-05,4,1017,902,2.14
2024-01-06,4,714,656,2.27
2024-01-07,4,732,668,1.29
2024-01-08,4,987,892,1.61
2024-01-09,4,1075,985,1.98
2024-01-10,4,1086,969,1.66
2024-01-11,4,1053,942,1.25
2024-01-12,4,1100,966,2.76
2024-01-13,4,734,645,2.31
2024-01-14,4,716,640,2.6
2024-01-15,4,1043,919,1.65
2024-01-16,4,1021,941,1.93
2024-01-17,4,961,869,2.01
2024-01-18,4,1107,997,2.34
2024-01-19,4,1039,950,2.47
2024-01-20,4,715,642,1.61
2024-01-21,4,722,670,2.16
2024-01-22,4,980,867,2.38
2024-01-23,4,1068,931,1.95
2024-01-24,4,1107,931,1.17
2024-01-25,4,1017,932,2.36
2024-01-26,4,1135,1018,2.35
2024-01-27,4,712,622,1.85
2024-01-28,4,842,758,2.13
2024-01-29,4,1050,952,2.02
2024-01-30,4,1033,955,2.69
2024-01-31,4,1056,950,2.37
2024-02-01,4,1045,914,1.47
2024-02-02,4,1104,945,0.91
2024-02-03,4,780,701,2.57
2024-02-04,4,793,723,1.27
2024-02-05,4,1033,901,2.29
2024-02-06,4,1071,1004,1.13
2024-02-07,4,1005,922,1.6
2024-02-08,4,999,896,1.11
2024-02-09,4,1059,926,1.2
2024-02-10,4,775,713,1.97
2024-02-11,4,716,647,1.44
2024-02-12,4,1128,1049,2.38
2024-02-13,4,1049,917,3.19
2024-02-14,4,1106,998,1.22
2024-02-15,4,1015,930,1.89
2024-02-16,4,1021,929,1.6
2024-02-17,4,717,638,2.33
2024-02-18,4,740,675,2.14
2024-02-19,4,1160,1051,1.34
2024-02-20,4,1087,931,2.22
2024-02-21,4,997,890,2.53
2024-02-22,4,989,926,2.38
2024-02-23,4,1035,958,3.08
2024-02-24,4,738,651,2.08
2024-02-25,4,757,661,2.42
2024-02-26,4,1067,952,1.69
2024-02-27,4,985,888,1.09
2024-02-28,4,1112,986,2.83
2024-02-29,4,1005,848,2.47
2024-03-01,4,1067,982,2.19
2024-03-02,4,717,658,1.96
2024-03-03,4,761,693,2.14
2024-03-04,4,1108,963,2.75
2024-03-05,4,1009,913,1.41
2024-03-06,4,997,843,1.55
2024-03-07,4,1119,1006,2.08
2024-03-08,4,1125,986,2.05
2024-03-09,4,730,677,1.93
2024-03-10,4,746,653,2.5
2024-03-11,4,1032,919,1.64
2024-03-12,4,1097,992,2.42
2024-03-13,4,1101,974,1.82
2024-03-14,4,985,893,2.81
2024-03-15,4,1041,928,2.9
2024-03-16,4,765,659,2.44
2024-03-17,4,707,656,1.13
2024-03-18,4,1133,1021,1.9
2024-03-19,4,1020,966,2.22
2024-03-20,4,1065,1002,3.11
2024-03-21,4,1032,893,1.04
2024-03-22,4,1092,991,1.06
2024-03-23,4,731,642,2.02
2024-03-24,4,735,667,2.62
2024-03-25,4,954,856,1.97
2024-03-26,4,1058,934,2.6
2024-03-27,4,1036,922,1.41
2024-03-28,4,1106,1015,2.04
2024-03-29,4,1065,948,1.38
2024-03-30,4,775,688,2.14
2024-03-31,4,803,726,2.13
2024-04-01,4,1077,948,0.89
2024-04-02,4,1112,1017,0.97
2024-04-03,4,1032,959,1.96
2024-04-04,4,1152,1026,1.97
2024-04-05,4,988,857,2.02
2024-04-06,4,749,666,2.29
2024-04-07,4,720,668,2.06
2024-04-08,4,1069,973,2.48
2024-04-09,4,1057,925,2.3
2024-04-10,4,1049,945,2.07
2024-04-11,4,1066,968,2.3
2024-04-12,4,1021,967,1.78
2024-04-13,4,688,585,1.91
2024-04-14,4,693,609,1.94
2024-04-15,4,977,877,2.06
2024-04-16,4,1043,927,1.44
2024-04-17,4,1042,913,2.46
2024-04-18,4,1103,1004,2.22
2024-04-19,4,988,878,1.84
2024-04-20,4,768,710,1.74
2024-04-21,4,760,669,2.91
2024-04-22,4,1066,963,2.46
2024-04-23,4,1028,945,1.64
2024-04-24,4,1011,934,2.01
2024-04-25,4,1035,942,1.39
2024-04-26,4,1140,1026,2.01
2024-04-27,4,815,721,2.27
2024-04-28,4,706,637,2.62
2024-04-29,4,1016,893,1.18
2024-04-30,4,1087,1001,2.13
2024-05-01,4,1089,973,1.67
2024-05-02,4,1059,950,1.63
2024-05-03,4,1116,1018,2.61
2024-05-04,4,721,660,2.05
2024-05-05,4,758,677,1.65
2024-05-06,4,1094,1023,2.39
2024-05-07,4,1051,994,1.62
2024-05-08,4,1209,1110,1.87
2024-05-09,4,1042,942,1.68
2024-05-10,4,927,825,2.63
2024-05-11,4,708,648,2.24
2024-05-12,4,738,657,1.72
2024-05-13,4,1105,1007,2.09
2024-05-14,4,1102,1004,1.14
2024-05-15,4,1162,1040,1.32
2024-05-16,4,1100,974,2.26
2024-05-17,4,1060,988,1.15
2024-05-18,4,769,702,0.41
2024-05-19,4,720,644,2.37
2024-05-20,4,1016,901,2.71
2024-05-21,4,1064,987,1.64
2024-05-22,4,1029,918,0.61
2024-05-23,4,1074,959,2.33
2024-05-24,4,998,920,1.39
2024-05-25,4,754,681,1.84
2024-05-26,4,777,711,2.31
2024-05-27,4,1025,916,2.58
2024-05-28,4,1100,1003,1.18
2024-05-29,4,1070,937,2.14
2024-05-30,4,1074,963,1.68
2024-05-31,4,948,866,1.77
2024-06-01,4,670,623,1.96
2024-06-02,4,670,600,2.05
2024-06-03,4,1036,929,1.45
2024-06-04,4,941,840,1.59
2024-06-05,4,967,916,1.72
2024-06-06,4,1009,903,3.1
2024-06-07,4,864,765,2.42
2024-06-08,4,662,600,2.09
2024-06-09,4,630,564,2.35
2024-06-10,4,869,783,1.36
2024-06-11,4,938,851,2.45
2024-06-12,4,940,818,1.84
2024-06-13,4,946,856,1.49
2024-06-14,4,965,879,2.36
2024-06-15,4,709,653,1.67
2024-06-16,4,699,635,2.14
2024-06-17,4,953,881,2.25
2024-06-18,4,907,796,2.41
2024-06-19,4,986,857,1.97
2024-06-20,4,927,833,2.02
2024-06-21,4,922,820,2.17
2024-06-22,4,640,616,2.18
2024-06-23,4,649,593,2.08
2024-06-24,4,963,905,1.07
2024-06-25,4,871,792,3.06
2024-06-26,4,1010,954,2.04
2024-06-27,4,960,869,0.9
2024-06-28,4,917,799,1.76
2024-06-29,4,668,607,1.77
2024-06-30,4,712,630,1.97
2024-07-01,4,922,826,2.03
2024-07-02,4,985,872,2.48
2024-07-03,4,923,827,3.01
2024-07-04,4,908,797,1.29
2024-07-05,4,979,869,1.95
2024-07-06,4,677,617,2.41
2024-07-07,4,667,593,2.52
2024-07-08,4,855,761,1.78
2024-07-09,4,935,857,2.38
2024-07-10,4,933,854,2.33
2024-07-11,4,823,726,2.25
2024-07-12,4,1017,905,1.66
2024-07-13,4,674,596,1.47
2024-07-14,4,639,579,2.26
2024-07-15,4,907,833,1.76
2024-07-16,4,1003,928,1.77
2024-07-17,4,850,774,3.46
2024-07-18,4,1002,899,0.6
2024-07-19,4,997,864,2.38
2024-07-20,4,677,607,2.49
2024-07-21,4,649,575,1.48
2024-07-22,4,899,813,1.58
2024-07-23,4,927,820,1.46
2024-07-24,4,991,903,1.91
2024-07-25,4,975,906,1.42
2024-07-26,4,887,806,2.18
2024-07-27,4,648,554,3.1
2024-07-28,4,597,538,2.62
2024-07-29,4,913,852,1.45
2024-07-30,4,994,906,2.57
2024-07-31,4,1000,910,1.76
2024-08-01,4,898,792,2.2
2024-08-02,4,1016,923,2.48
2024-08-03,4,666,592,2.29
2024-08-04,4,671,610,1.74
2024-08-05,4,1013,907,1.63
2024-08-06,4,973,883,1.52
2024-08-07,4,921,818,2.23
2024-08-08,4,940,845,2.12
2024-08-09,4,974,836,2.54
2024-08-10,4,693,612,1.77
2024-08-11,4,666,586,1.53
2024-08-12,4,899,796,1.95
2024-08-13,4,985,865,1.61
2024-08-14,4,924,818,2.57
2024-08-15,4,965,890,2.71
2024-08-16,4,956,866,2.14
2024-08-17,4,650,586,2.53
2024-08-18,4,705,633,3.34
2024-08-19,4,942,808,1.38
2024-08-20,4,989,880,2.51
2024-08-21,4,956,845,2.74
2024-08-22,4,1015,919,2.26
2024-08-23,4,1008,887,1.47
2024-08-24,4,696,608,2.03
2024-08-25,4,664,602,1.18
2024-08-26,4,855,780,3.44
2024-08-27,4,966,882,1.32
2024-08-28,4,1006,935,1.74
2024-08-29,4,986,897,1.45
2024-08-30,4,996,890,1.78
2024-08-31,4,694,619,2.55
2024-09-01,4,746,676,1.93
2024-09-02,4,1080,970,2.78
2024-09-03,4,1112,1038,2.01
2024-09-04,4,1087,1009,1.34
2024-09-05,4,1114,1014,2.1
2024-09-06,4,1007,898,1.69
2024-09-07,4,730,651,0.55
2024-09-08,4,728,665,1.84
2024-09-09,4,1041,903,1.54
2024-09-10,4,1115,1011,1.5
2024-09-11,4,1109,986,1.78
2024-09-12,4,1051,970,1.96
2024-09-13,4,1063,964,2.25
2024-09-14,4,746,637,2.0
2024-09-15,4,742,662,1.06
2024-09-16,4,1024,922,2.46
2024-09-17,4,1031,919,2.61
2024-09-18,4,986,863,1.01
2024-09-19,4,990,897,1.86
2024-09-20,4,1092,974,2.14
2024-09-21,4,763,687,2.24
2024-09-22,4,818,737,1.92
2024-09-23,4,1143,1028,3.01
2024-09-24,4,1045,908,2.58
2024-09-25,4,1014,917,2.08
2024-09-26,4,1045,942,1.92
2024-09-27,4,1026,907,2.84
2024-09-28,4,758,679,2.95
2024-09-29,4,689,609,1.84
2024-09-30,4,1063,963,2.87
2024-10-01,4,1133,1041,2.28
2024-10-02,4,1105,972,1.47
2024-10-03,4,962,853,2.39
2024-10-04,4,1035,946,2.61
2024-10-05,4,738,663,1.91
2024-10-06,4,761,667,2.26
2024-10-07,4,1113,1001,1.75
2024-10-08,4,1053,906,2.12
2024-10-09,4,998,861,1.22
2024-10-10,4,1148,1024,2.38
2024-10-11,4,1050,956,2.43
2024-10-12,4,743,672,2.13
2024-10-13,4,705,605,2.09
2024-10-14,4,1166,1060,2.76
2024-10-15,4,1010,905,1.41
2024-10-16,4,1009,935,1.97
2024-10-17,4,1045,939,1.76
2024-10-18,4,1116,976,1.63
2024-10-19,4,788,701,1.76
2024-10-20,4,703,616,2.51
2024-10-21,4,1098,979,2.32
2024-10-22,4,1091,969,2.6
2024-10-23,4,1024,950,2.99
2024-10-24,4,1118,1039,1.88
2024-10-25,4,1039,950,1.99
2024-10-26,4,710,616,1.98
2024-10-27,4,725,650,1.34
2024-10-28,4,1116,980,2.39
2024-10-29,4,983,920,1.81
2024-10-30,4,1041,958,2.73
2024-10-31,4,1063,962,2.5
2024-11-01,4,1466,1286,2.45
2024-11-02,4,942,859,1.72
2024-11-03,4,947,853,2.24
2024-11-04,4,1315,1198,2.37
2024-11-05,4,1266,1128,2.21
2024-11-06,4,1424,1284,1.74
2024-11-07,4,1286,1180,1.92
2024-11-08,4,1295,1127,2.24
2024-11-09,4,1057,973,1.6
2024-11-10,4,937,847,1.25
2024-11-11,4,1315,1241,1.77
2024-11-12,4,1456,1271,1.78
2024-11-13,4,1290,1180,1.89
2024-11-14,4,1440,1269,1.94
2024-11-15,4,1458,1339,2.14
2024-11-16,4,901,863,0.99
2024-11-17,4,1009,929,1.61
2024-11-18,4,1367,1255,1.6
2024-11-19,4,1330,1200,2.03
2024-11-20,4,1381,1266,2.55
2024-11-21,4,1421,1295,1.75
2024-11-22,4,1557,1388,2.56
2024-11-23,4,975,900,2.53
2024-11-24,4,921,832,1.92
2024-11-25,4,1350,1219,2.42
2024-11-26,4,1484,1312,2.58
2024-11-27,4,1482,1317,1.94
2024-11-28,4,1311,1178,1.69
2024-11-29,4,1404,1302,1.73
2024-11-30,4,1015,936,2.0
2024-12-01,4,1012,906,2.85
2024-12-02,4,1355,1291,2.25
2024-12-03,4,1282,1144,2.36
2024-12-04,4,1333,1209,1.61
2024-12-05,4,1315,1219,1.96
2024-12-06,4,1451,1259,2.45
2024-12-07,4,1018,938,1.3
2024-12-08,4,973,853,2.01
2024-12-09,4,1346,1190,2.54
2024-12-10,4,1482,1370,1.52
2024-12-11,4,1483,1328,1.9
2024-12-12,4,1350,1180,1.14
2024-12-13,4,1308,1193,1.45
2024-12-14,4,942,871,1.92
2024-12-15,4,1043,941,2.48
2024-12-16,4,1352,1259,2.02
2024-12-17,4,1473,1350,1.61
2024-12-18,4,1449,1314,1.05
2024-12-19,4,1436,1256,1.91
2024-12-20,4,1544,1394,1.64
2024-12-21,4,977,864,1.81
2024-12-22,4,995,901,2.45
2024-12-23,4,1316,1197,2.35
2024-12-24,4,1317,1202,2.72
2024-12-25,4,1399,1216,2.67
2024-12-26,4,1471,1305,2.67
2024-12-27,4,1356,1224,2.17
2024-12-28,4,912,846,2.67
2024-12-29,4,1007,911,1.97
2024-12-30,4,1376,1198,2.04
2024-12-31,4,1344,1219,1.89
2023-01-01,5,687,615,2.62
2023-01-02,5,934,805,2.44
2023-01-03,5,979,897,2.28
2023-01-04,5,875,795,1.39
2023-01-05,5,909,834,1.58
2023-01-06,5,906,827,1.42
2023-01-07,5,666,593,1.5
2023-01-08,5,667,589,2.47
2023-01-09,5,890,757,1.82
2023-01-10,5,935,840,2.54
2023-01-11,5,953,846,2.91
2023-01-12,5,841,773,2.73
2023-01-13,5,920,786,3.0
2023-01-14,5,642,578,2.54
2023-01-15,5,664,594,2.21
2023-01-16,5,930,822,1.48
2023-01-17,5,957,855,1.1
2023-01-18,5,905,813,1.82
2023-01-19,5,961,855,1.92
2023-01-20,5,960,883,1.59
2023-01-21,5,682,621,2.16
2023-01-22,5,650,571,2.81
2023-01-23,5,836,748,2.4
2023-01-24,5,926,851,2.02
2023-01-25,5,963,872,2.47
2023-01-26,5,844,754,1.6
2023-01-27,5,976,876,2.18
2023-01-28,5,667,597,1.29
2023-01-29,5,683,620,1.08
2023-01-30,5,984,863,2.03
2023-01-31,5,990,890,2.31
2023-02-01,5,861,755,3.11
2023-02-02,5,922,829,1.03
2023-02-03,5,886,766,2.23
2023-02-04,5,613,541,1.37
2023-02-05,5,660,585,1.37
2023-02-06,5,915,861,2.58
2023-02-07,5,927,833,1.45
2023-02-08,5,868,784,2.56
2023-02-09,5,1062,990,1.54
2023-02-10,5,882,746,1.84
2023-02-11,5,633,549,1.66
2023-02-12,5,698,627,2.46
2023-02-13,5,935,860,1.89
2023-02-14,5,955,895,2.65
2023-02-15,5,849,757,1.77
2023-02-16,5,963,873,1.74
2023-02-17,5,924,822,1.47
2023-02-18,5,634,576,1.48
2023-02-19,5,688,621,1.64
2023-02-20,5,901,823,1.66
2023-02-21,5,960,864,2.6
2023-02-22,5,889,809,2.42
2023-02-23,5,987,920,1.57
2023-02-24,5,974,881,2.6
2023-02-25,5,687,613,2.23
2023-02-26,5,618,550,1.91
2023-02-27,5,935,863,2.19
2023-02-28,5,948,876,1.42
2023-03-01,5,911,784,2.34
2023-03-02,5,1021,902,1.82
2023-03-03,5,909,840,1.64
2023-03-04,5,681,605,1.96
2023-03-05,5,676,613,2.44
2023-03-06,5,924,829,1.74
2023-03-07,5,918,851,2.1
2023-03-08,5,873,752,1.38
2023-03-09,5,877,774,2.03
2023-03-10,5,1002,900,1.64
2023-03-11,5,681,616,1.52
2023-03-12,5,662,583,3.16
2023-03-13,5,939,857,1.67
2023-03-14,5,949,820,2.56
2023-03-15,5,918,867,2.84
2023-03-16,5,955,841,1.62
2023-03-17,5,913,834,1.46
2023-03-18,5,564,525,2.33
2023-03-19,5,660,584,1.86
2023-03-20,5,948,826,1.33
2023-03-21,5,971,866,1.85
2023-03-22,5,866,798,1.89
2023-03-23,5,927,859,2.35
2023-03-24,5,1019,940,2.55
2023-03-25,5,686,637,1.46
2023-03-26,5,630,567,2.18
2023-03-27,5,922,815,2.03
2023-03-28,5,970,839,3.17
2023-03-29,5,886,786,1.88
2023-03-30,5,921,831,1.47
2023-03-31,5,897,815,1.77
2023-04-01,5,712,647,1.76
2023-04-02,5,690,616,1.64
2023-04-03,5,880,770,2.27
2023-04-04,5,912,825,2.58
2023-04-05,5,913,814,2.63
2023-04-06,5,864,795,1.34
2023-04-07,5,908,820,2.5
2023-04-08,5,640,619,1.03
2023-04-09,5,635,566,1.82
2023-04-10,5,907,841,2.14
2023-04-11,5,871,787,2.42
2023-04-12,5,872,790,2.18
2023-04-13,5,864,753,2.31
2023-04-14,5,916,835,2.89
2023-04-15,5,671,612,1.31
2023-04-16,5,639,594,1.82
2023-04-17,5,922,806,1.81
2023-04-18,5,996,909,0.91
2023-04-19,5,999,918,1.96
2023-04-20,5,1024,933,1.41
2023-04-21,5,958,871,2.53
2023-04-22,5,660,596,1.15
2023-04-23,5,657,597,1.85
2023-04-24,5,854,760,2.26
2023-04-25,5,975,872,2.08
2023-04-26,5,957,842,1.61
2023-04-27,5,911,844,1.79
2023-04-28,5,965,853,2.69
2023-04-29,5,672,621,2.09
2023-04-30,5,660,600,1.23
2023-05-01,5,923,833,0.96
2023-05-02,5,899,777,1.04
2023-05-03,5,1106,1000,2.75
2023-05-04,5,885,836,1.89
2023-05-05,5,833,711,1.45
2023-05-06,5,594,533,1.42
2023-05-07,5,692,612,1.65
2023-05-08,5,901,796,1.52
2023-05-09,5,902,815,2.25
2023-05-10,5,944,851,2.28
2023-05-11,5,842,784,1.81
2023-05-12,5,933,853,1.66
2023-05-13,5,604,533,2.27
2023-05-14,5,624,559,1.8
2023-05-15,5,921,835,2.68
2023-05-16,5,983,837,1.68
2023-05-17,5,930,852,2.09
2023-05-18,5,932,814,2.26
2023-05-19,5,923,820,1.66
2023-05-20,5,569,510,1.38
2023-05-21,5,646,574,2.29
2023-05-22,5,929,828,1.19
2023-05-23,5,910,832,1.79
2023-05-24,5,974,862,2.38
2023-05-25,5,864,773,2.28
2023-05-26,5,896,829,2.13
2023-05-27,5,680,610,2.02
2023-05-28,5,635,564,2.3
2023-05-29,5,956,855,2.49
2023-05-30,5,932,847,2.39
2023-05-31,5,979,896,2.08
2023-06-01,5,853,783,1.57
2023-06-02,5,845,772,1.9
2023-06-03,5,596,546,1.89
2023-06-04,5,599,541,1.77
2023-06-05,5,842,773,2.14
2023-06-06,5,833,791,2.19
2023-06-07,5,900,780,2.42
2023-06-08,5,855,774,1.65
2023-06-09,5,824,724,2.64
2023-06-10,5,570,517,1.92
2023-06-11,5,611,556,2.1
2023-06-12,5,768,686,2.03
2023-06-13,5,731,659,2.12
2023-06-14,5,783,682,2.37
2023-06-15,5,823,774,1.59
2023-06-16,5,858,775,1.44
2023-06-17,5,613,546,1.55
2023-06-18,5,561,486,2.28
2023-06-19,5,855,763,2.24
2023-06-20,5,834,740,1.61
2023-06-21,5,849,755,2.67
2023-06-22,5,870,771,2.35
2023-06-23,5,862,731,1.96
2023-06-24,5,605,563,1.44
2023-06-25,5,616,551,2.25
2023-06-26,5,807,707,2.23
2023-06-27,5,869,790,1.76
2023-06-28,5,823,736,1.49
2023-06-29,5,831,740,2.46
2023-06-30,5,829,764,2.24
2023-07-01,5,601,545,2.26
2023-07-02,5,612,562,1.3
2023-07-03,5,916,800,1.71
2023-07-04,5,863,775,1.31
2023-07-05,5,756,685,2.22
2023-07-06,5,870,802,2.89
2023-07-07,5,860,761,1.35
2023-07-08,5,583,501,1.38
2023-07-09,5,560,516,2.08
2023-07-10,5,838,770,2.33
2023-07-11,5,884,797,2.28
2023-07-12,5,818,747,2.0
2023-07-13,5,810,720,1.9
2023-07-14,5,896,805,1.89
2023-07-15,5,594,549,2.19
2023-07-16,5,594,523,1.99
2023-07-17,5,872,794,2.37
2023-07-18,5,801,715,2.76
2023-07-19,5,908,800,2.89
2023-07-20,5,951,853,2.47
2023-07-21,5,800,745,1.12
2023-07-22,5,549,482,1.46
2023-07-23,5,654,591,2.03
2023-07-24,5,810,708,1.81
2023-07-25,5,835,716,3.04
2023-07-26,5,806,712,2.23
2023-07-27,5,774,710,2.64
2023-07-28,5,825,738,2.01
2023-07-29,5,587,548,1.8
2023-07-30,5,590,534,2.14
2023-07-31,5,756,699,2.13
2023-08-01,5,725,668,2.21
2023-08-02,5,923,825,2.56
2023-08-03,5,929,856,1.63
2023-08-04,5,886,804,2.22
2023-08-05,5,541,478,1.9
2023-08-06,5,616,572,1.33
2023-08-07,5,829,715,1.76
2023-08-08,5,830,772,0.83
2023-08-09,5,891,779,1.85
2023-08-10,5,826,759,2.56
2023-08-11,5,848,744,1.57
2023-08-12,5,624,557,2.34
2023-08-13,5,581,506,1.74
2023-08-14,5,890,795,2.44
2023-08-15,5,870,789,1.9
2023-08-16,5,863,783,2.58
2023-08-17,5,768,689,1.82
2023-08-18,5,844,757,1.88
2023-08-19,5,603,550,2.89
2023-08-20,5,624,572,1.54
2023-08-21,5,837,769,2.68
2023-08-22,5,823,780,1.22
2023-08-23,5,881,797,2.4
2023-08-24,5,819,737,1.9
2023-08-25,5,814,726,1.82
2023-08-26,5,568,516,1.45
2023-08-27,5,604,553,2.19
2023-08-28,5,825,751,2.4
2023-08-29,5,839,766,1.84
2023-08-30,5,852,760,2.17
2023-08-31,5,869,810,2.63
2023-09-01,5,862,772,2.68
2023-09-02,5,616,568,1.97
2023-09-03,5,685,602,1.53
2023-09-04,5,873,785,1.17
2023-09-05,5,874,789,1.19
2023-09-06,5,945,834,2.33
2023-09-07,5,916,806,1.12
2023-09-08,5,940,830,2.7
2023-09-09,5,595,558,1.75
2023-09-10,5,632,577,1.72
2023-09-11,5,957,886,2.31
2023-09-12,5,998,892,2.23
2023-09-13,5,922,801,1.36
2023-09-14,5,967,853,2.47
2023-09-15,5,1030,913,1.79
2023-09-16,5,629,568,1.43
2023-09-17,5,640,570,2.1
2023-09-18,5,933,799,1.56
2023-09-19,5,912,797,0.94
2023-09-20,5,1007,975,1.86
2023-09-21,5,1039,945,0.58
2023-09-22,5,920,824,2.29
2023-09-23,5,678,627,1.53
2023-09-24,5,694,632,2.14
2023-09-25,5,986,918,2.24
2023-09-26,5,919,823,1.36
2023-09-27,5,902,820,2.28
2023-09-28,5,876,786,2.22
2023-09-29,5,871,805,1.59
2023-09-30,5,661,597,1.47
2023-10-01,5,676,577,2.86
2023-10-02,5,947,859,2.47
2023-10-03,5,1017,920,1.35
2023-10-04,5,967,871,2.44
2023-10-05,5,910,790,2.4
2023-10-06,5,917,839,1.27
2023-10-07,5,605,548,1.67
2023-10-08,5,676,648,2.3
2023-10-09,5,923,852,2.38
2023-10-10,5,993,879,1.37
2023-10-11,5,958,868,1.77
2023-10-12,5,929,851,1.83
2023-10-13,5,935,814,2.03
2023-10-14,5,639,566,1.86
2023-10-15,5,711,621,2.24
2023-10-16,5,909,806,1.99
2023-10-17,5,940,839,1.96
2023-10-18,5,944,836,1.58
2023-10-19,5,972,868,1.89
2023-10-20,5,894,777,2.13
2023-10-21,5,691,655,2.73
2023-10-22,5,657,577,2.37
2023-10-23,5,991,860,2.8
2023-10-24,5,955,881,2.24
2023-10-25,5,898,799,1.76
2023-10-26,5,963,896,2.75
2023-10-27,5,954,828,1.89
2023-10-28,5,622,563,0.8
2023-10-29,5,590,547,1.63
2023-10-30,5,1006,937,1.66
2023-10-31,5,890,792,2.37
2023-11-01,5,1185,1085,1.95
2023-11-02,5,1209,1089,2.46
2023-11-03,5,1166,1045,2.27
2023-11-04,5,761,714,1.77
2023-11-05,5,893,825,1.71
2023-11-06,5,1217,1119,2.27
2023-11-07,5,1166,1084,2.38
2023-11-08,5,1082,952,1.38
2023-11-09,5,1309,1193,1.22
2023-11-10,5,1162,1024,2.01
2023-11-11,5,898,815,1.31
2023-11-12,5,844,771,1.16
2023-11-13,5,1177,1068,2.11
2023-11-14,5,1245,1110,2.08
2023-11-15,5,1189,1094,1.5
2023-11-16,5,1258,1121,2.14
2023-11-17,5,1231,1094,1.38
2023-11-18,5,838,765,1.79
2023-11-19,5,838,737,2.65
2023-11-20,5,1199,1081,2.74
2023-11-21,5,1282,1135,1.28
2023-11-22,5,1204,1090,1.76
2023-11-23,5,1144,1032,2.41
2023-11-24,5,1279,1153,2.51
2023-11-25,5,847,770,2.61
2023-11-26,5,886,789,3.6
2023-11-27,5,1302,1154,2.37
2023-11-28,5,1143,1012,2.42
2023-11-29,5,1140,1058,1.81
2023-11-30,5,1127,1003,1.9
2023-12-01,5,1128,1011,1.37
2023-12-02,5,832,746,2.5
2023-12-03,5,760,666,1.17
2023-12-04,5,1150,1067,2.03
2023-12-05,5,1239,1067,2.67
2023-12-06,5,1314,1207,3.05
2023-12-07,5,1273,1142,2.09
2023-12-08,5,1029,933,2.44
2023-12-09,5,827,741,2.31
2023-12-10,5,802,724,2.44
2023-12-11,5,1055,954,1.04
2023-12-12,5,1224,1076,1.76
2023-12-13,5,1272,1149,2.48
2023-12-14,5,1279,1143,1.9
2023-12-15,5,1300,1166,1.89
2023-12-16,5,850,775,1.74
2023-12-17,5,729,651,2.16
2023-12-18,5,1234,1133,2.5
2023-12-19,5,1243,1076,2.01
2023-12-20,5,1170,1062,2.83
2023-12-21,5,1170,1043,1.92
2023-12-22,5,1282,1129,1.65
2023-12-23,5,866,776,2.6
2023-12-24,5,803,720,2.01
2023-12-25,5,1215,1096,2.32
2023-12-26,5,1381,1235,1.6
2023-12-27,5,1250,1123,2.24
2023-12-28,5,1195,1035,2.51
2023-12-29,5,1231,1174,2.26
2023-12-30,5,870,760,2.29
2023-12-31,5,881,788,1.73
2024-01-01,5,924,838,2.5
2024-01-02,5,1003,900,1.79
2024-01-03,5,990,928,1.8
2024-01-04,5,901,803,1.89
2024-01-05,5,932,827,1.62
2024-01-06,5,663,605,2.15
2024-01-07,5,658,582,2.0
2024-01-08,5,915,816,0.63
2024-01-09,5,910,827,2.57
2024-01-10,5,878,796,2.69
2024-01-11,5,840,757,1.93
2024-01-12,5,886,794,2.38
2024-01-13,5,639,571,1.74
2024-01-14,5,679,629,2.47
2024-01-15,5,963,859,1.94
2024-01-16,5,976,869,2.28
2024-01-17,5,1000,920,2.01
2024-01-18,5,915,809,2.34
2024-01-19,5,883,795,1.84
2024-01-20,5,654,578,1.77
2024-01-21,5,617,539,1.12
2024-01-22,5,864,782,1.65
2024-01-23,5,879,770,1.58
2024-01-24,5,926,812,2.04
2024-01-25,5,979,880,2.11
2024-01-26,5,1045,946,2.15
2024-01-27,5,543,484,3.34
2024-01-28,5,675,603,0.76
2024-01-29,5,954,856,1.77
2024-01-30,5,892,820,1.82
2024-01-31,5,971,848,2.36
2024-02-01,5,940,828,1.25
2024-02-02,5,1019,933,2.27
2024-02-03,5,665,597,1.94
2024-02-04,5,667,599,2.15
2024-02-05,5,920,800,2.42
2024-02-06,5,957,850,1.98
2024-02-07,5,956,882,1.97
2024-02-08,5,991,881,1.74
2024-02-09,5,937,837,1.79
2024-02-10,5,655,588,1.79
2024-02-11,5,654,572,2.62
2024-02-12,5,917,807,2.04
2024-02-13,5,957,854,2.85
2024-02-14,5,983,914,1.61
2024-02-15,5,962,882,1.78
2024-02-16,5,972,882,1.98
2024-02-17,5,691,620,2.07
2024-02-18,5,638,564,1.72
2024-02-19,5,946,848,2.15
2024-02-20,5,934,836,2.37
2024-02-21,5,925,846,2.6
2024-02-22,5,924,834,2.29
2024-02-23,5,895,825,1.77
2024-02-24,5,600,518,1.64
2024-02-25,5,635,575,1.79
2024-02-26,5,962,854,1.8
2024-02-27,5,924,830,1.85
2024-02-28,5,950,895,2.34
2024-02-29,5,975,900,1.44
2024-03-01,5,932,854,1.85
2024-03-02,5,665,591,1.48
2024-03-03,5,667,595,1.5
2024-03-04,5,1006,887,1.77
2024-03-05,5,964,853,2.61
2024-03-06,5,1025,954,1.68
2024-03-07,5,991,889,2.04
2024-03-08,5,969,861,2.36
2024-03-09,5,658,571,1.5
2024-03-10,5,689,608,2.63
2024-03-11,5,932,803,2.64
2024-03-12,5,908,837,2.0
2024-03-13,5,972,890,2.16
2024-03-14,5,968,844,2.36
2024-03-15,5,926,845,1.3
2024-03-16,5,633,587,2.85
2024-03-17,5,629,571,1.51
2024-03-18,5,1019,889,2.52
2024-03-19,5,946,828,1.1
2024-03-20,5,926,839,1.44
2024-03-21,5,999,912,2.22
2024-03-22,5,863,772,1.91
2024-03-23,5,666,590,1.76
2024-03-24,5,649,580,2.39
2024-03-25,5,961,874,1.67
2024-03-26,5,890,809,3.19
2024-03-27,5,966,842,2.45
2024-03-28,5,799,730,2.19
2024-03-29,5,943,843,1.87
2024-03-30,5,678,591,1.97
2024-03-31,5,731,649,1.27
2024-04-01,5,1001,869,1.55
2024-04-02,5,929,805,2.8
2024-04-03,5,904,803,3.24
2024-04-04,5,956,881,2.01
2024-04-05,5,858,777,1.93
2024-04-06,5,619,552,1.38
2024-04-07,5,607,542,1.86
2024-04-08,5,929,860,3.0
2024-04-09,5,991,870,2.07
2024-04-10,5,853,775,2.01
2024-04-11,5,950,854,2.19
2024-04-12,5,927,841,2.46
2024-04-13,5,710,660,1.52
2024-04-14,5,632,557,2.08
2024-04-15,5,865,763,1.99
2024-04-16,5,870,751,2.13
2024-04-17,5,921,827,1.49
2024-04-18,5,926,838,1.59
2024-04-19,5,943,833,2.89
2024-04-20,5,659,611,1.23
2024-04-21,5,613,539,1.93
2024-04-22,5,930,822,1.39
2024-04-23,5,920,826,1.52
2024-04-24,5,964,848,2.14
2024-04-25,5,852,766,1.21
2024-04-26,5,929,812,2.0
2024-04-27,5,601,547,2.39
2024-04-28,5,656,609,2.32
2024-04-29,5,877,823,1.95
2024-04-30,5,1054,936,2.17
2024-05-01,5,982,886,1.57
2024-05-02,5,920,831,1.96
2024-05-03,5,966,908,1.71
2024-05-04,5,669,585,1.95
2024-05-05,5,706,636,1.72
2024-05-06,5,910,822,1.67
2024-05-07,5,896,799,1.64
2024-05-08,5,898,794,2.51
2024-05-09,5,933,830,1.08
2024-05-10,5,929,826,2.18
2024-05-11,5,655,612,1.86
2024-05-12,5,683,616,2.16
2024-05-13,5,1012,903,2.31
2024-05-14,5,930,825,3.02
2024-05-15,5,884,833,2.07
2024-05-16,5,898,788,2.59
2024-05-17,5,1004,857,2.35
2024-05-18,5,636,561,1.79
2024-05-19,5,676,588,2.14
2024-05-20,5,959,862,2.35
2024-05-21,5,973,860,1.91
2024-05-22,5,909,804,1.54
2024-05-23,5,891,840,1.6
2024-05-24,5,908,815,2.05
2024-05-25,5,596,537,2.34
2024-05-26,5,667,596,1.46
2024-05-27,5,959,859,2.64
2024-05-28,5,982,903,2.54
2024-05-29,5,932,827,2.38
2024-05-30,5,946,833,1.06
2024-05-31,5,887,805,1.09
2024-06-01,5,585,508,2.67
2024-06-02,5,566,505,2.08
2024-06-03,5,866,782,2.18
2024-06-04,5,829,752,1.33
2024-06-05,5,798,716,1.16
2024-06-06,5,910,812,1.84
2024-06-07,5,847,755,2.3
2024-06-08,5,587,516,1.73
2024-06-09,5,621,555,1.75
2024-06-10,5,853,773,3.04
2024-06-11,5,781,682,1.84
2024-06-12,5,809,724,1.74
2024-06-13,5,793,715,1.59
2024-06-14,5,848,766,2.01
2024-06-15,5,584,543,1.88
2024-06-16,5,606,570,1.6
2024-06-17,5,795,686,2.6
2024-06-18,5,872,785,2.03
2024-06-19,5,852,753,2.06
2024-06-20,5,818,737,1.97
2024-06-21,5,848,754,1.05
2024-06-22,5,605,546,1.68
2024-06-23,5,559,505,1.86
2024-06-24,5,844,745,1.78
2024-06-25,5,798,727,2.31
2024-06-26,5,871,799,1.77
2024-06-27,5,862,786,1.63
2024-06-28,5,865,755,1.8
2024-06-29,5,623,530,1.91
2024-06-30,5,587,523,1.95
2024-07-01,5,849,761,2.34
2024-07-02,5,818,739,2.07
2024-07-03,5,827,751,1.91
2024-07-04,5,820,745,1.52
2024-07-05,5,928,866,1.86
2024-07-06,5,559,514,2.07
2024-07-07,5,609,560,1.85
2024-07-08,5,844,751,1.91
2024-07-09,5,897,815,2.49
2024-07-10,5,812,762,2.53
2024-07-11,5,774,692,1.0
2024-07-12,5,884,818,1.77
2024-07-13,5,676,618,1.85
2024-07-14,5,642,573,2.32
2024-07-15,5,815,707,1.75
2024-07-16,5,872,808,2.51
2024-07-17,5,852,762,1.7
2024-07-18,5,820,743,1.84
2024-07-19,5,835,757,1.99
2024-07-20,5,607,534,2.62
2024-07-21,5,584,518,3.13
2024-07-22,5,801,708,1.74
2024-07-23,5,893,803,2.7
2024-07-24,5,836,769,2.08
2024-07-25,5,824,742,2.24
2024-07-26,5,811,718,1.61
2024-07-27,5,561,500,1.99
2024-07-28,5,642,589,2.22
2024-07-29,5,915,866,2.23
2024-07-30,5,816,729,1.34
2024-07-31,5,854,794,1.82
2024-08-01,5,819,740,2.59
2024-08-02,5,819,757,1.68
2024-08-03,5,598,526,2.0
2024-08-04,5,570,516,1.59
2024-08-05,5,839,722,1.7
2024-08-06,5,777,709,2.1
2024-08-07,5,834,742,0.92
2024-08-08,5,845,752,1.48
2024-08-09,5,843,775,1.24
2024-08-10,5,545,474,2.41
2024-08-11,5,642,584,1.73
2024-08-12,5,861,778,2.28
2024-08-13,5,853,768,2.12
2024-08-14,5,823,750,2.06
2024-08-15,5,851,752,1.52
2024-08-16,5,900,769,1.92
2024-08-17,5,596,524,1.57
2024-08-18,5,615,532,2.15
2024-08-19,5,815,754,2.29
2024-08-20,5,830,742,2.59
2024-08-21,5,849,801,1.0
2024-08-22,5,812,755,1.53
2024-08-23,5,850,735,2.13
2024-08-24,5,574,517,2.42
2024-08-25,5,597,534,1.91
2024-08-26,5,845,742,2.32
2024-08-27,5,806,718,2.17
2024-08-28,5,820,734,3.3
2024-08-29,5,916,845,2.14
2024-08-30,5,869,767,2.2
2024-08-31,5,555,498,2.12
2024-09-01,5,660,616,1.74
2024-09-02,5,956,867,0.26
2024-09-03,5,897,813,1.68
2024-09-04,5,916,811,1.45
2024-09-05,5,908,812,2.55
2024-09-06,5,941,867,1.45
2024-09-07,5,649,595,1.89
2024-09-08,5,674,603,1.6
2024-09-09,5,933,834,2.41
2024-09-10,5,891,811,2.46
2024-09-11,5,930,841,2.44
2024-09-12,5,848,781,1.57
2024-09-13,5,959,890,2.47
2024-09-14,5,707,620,1.79
2024-09-15,5,600,561,1.23
2024-09-16,5,906,859,1.93
2024-09-17,5,1044,921,2.71
2024-09-18,5,919,827,2.05
2024-09-19,5,953,868,3.05
2024-09-20,5,943,856,2.58
2024-09-21,5,691,631,1.19
2024-09-22,5,669,601,2.76
2024-09-23,5,979,930,2.28
2024-09-24,5,901,813,2.24
2024-09-25,5,944,846,2.0
2024-09-26,5,840,755,1.2
2024-09-27,5,974,871,1.76
2024-09-28,5,679,611,2.11
2024-09-29,5,742,669,2.56
2024-09-30,5,932,842,1.73
2024-10-01,5,1006,895,2.42
2024-10-02,5,879,796,2.73
2024-10-03,5,911,858,2.25
2024-10-04,5,909,830,3.03
2024-10-05,5,645,603,2.56
2024-10-06,5,752,667,1.76
2024-10-07,5,1000,894,1.88
2024-10-08,5,1000,874,2.26
2024-10-09,5,913,841,3.02
2024-10-10,5,852,759,1.9
2024-10-11,5,988,900,2.5
2024-10-12,5,682,600,2.27
2024-10-13,5,669,596,1.51
2024-10-14,5,909,827,1.64
2024-10-15,5,944,859,2.92
2024-10-16,5,971,848,2.24
2024-10-17,5,951,839,3.33
2024-10-18,5,885,817,1.15
2024-10-19,5,648,561,2.79
2024-10-20,5,690,601,2.23
2024-10-21,5,989,883,1.84
2024-10-22,5,873,782,2.73
2024-10-23,5,967,844,2.39
2024-10-24,5,882,759,2.76
2024-10-25,5,880,801,1.05
2024-10-26,5,621,579,1.49
2024-10-27,5,594,544,2.01
2024-10-28,5,1005,891,2.19
2024-10-29,5,966,842,2.34
2024-10-30,5,928,841,1.69
2024-10-31,5,857,750,1.78
2024-11-01,5,1119,1005,2.57
2024-11-02,5,889,779,1.75
2024-11-03,5,878,790,1.63
2024-11-04,5,1209,1056,1.4
2024-11-05,5,1255,1114,1.25
2024-11-06,5,1290,1155,2.02
2024-11-07,5,1310,1189,1.7
2024-11-08,5,1288,1169,1.4
2024-11-09,5,852,744,1.02
2024-11-10,5,854,753,1.37
2024-11-11,5,1200,1075,0.94
2024-11-12,5,1279,1154,1.77
2024-11-13,5,1177,1077,1.58
2024-11-14,5,1188,1071,1.96
2024-11-15,5,1222,1095,2.2
2024-11-16,5,844,761,1.5
2024-11-17,5,789,722,1.43
2024-11-18,5,1222,1105,2.89
2024-11-19,5,1252,1111,2.08
2024-11-20,5,1176,1051,2.74
2024-11-21,5,1142,1033,2.3
2024-11-22,5,1235,1098,2.11
2024-11-23,5,836,743,2.08
2024-11-24,5,742,664,2.62
2024-11-25,5,1286,1177,2.35
2024-11-26,5,1123,991,2.72
2024-11-27,5,1263,1185,1.91
2024-11-28,5,1211,1102,0.83
2024-11-29,5,1344,1204,2.02
2024-11-30,5,908,807,2.08
2024-12-01,5,873,801,1.62
2024-12-02,5,1199,1092,2.93
2024-12-03,5,1167,1086,2.35
2024-12-04,5,1251,1091,1.83
2024-12-05,5,1183,1039,2.06
2024-12-06,5,1244,1174,2.26
2024-12-07,5,927,837,1.87
2024-12-08,5,916,834,1.56
2024-12-09,5,1189,1067,2.08
2024-12-10,5,1188,1089,0.63
2024-12-11,5,1102,983,2.45
2024-12-12,5,1212,1094,1.28
2024-12-13,5,1250,1131,1.24
2024-12-14,5,855,751,1.13
2024-12-15,5,850,769,2.0
2024-12-16,5,1139,1006,2.09
2024-12-17,5,1344,1206,1.84
2024-12-18,5,1133,1004,1.98
2024-12-19,5,1210,1114,1.9
2024-12-20,5,1289,1129,1.71
2024-12-21,5,824,696,1.2
2024-12-22,5,845,772,1.49
2024-12-23,5,1190,1076,1.76
2024-12-24,5,1350,1215,2.01
2024-12-25,5,1222,1133,1.22
2024-12-26,5,1202,1075,2.27
2024-12-27,5,1189,1074,1.36
2024-12-28,5,920,844,1.08
2024-12-29,5,883,792,1.91
2024-12-30,5,1173,1049,1.16
2024-12-31,5,1228,1068,0.88
