date,temperature_max,temperature_min,precipitation,windspeed_max
2023-01-01,15.5,12.0,2.0,30.5
2023-01-02,15.5,6.9,7.4,29.2
2023-01-03,9.9,5.8,1.0,26.3
2023-01-04,13.2,9.6,3.4,28.9
2023-01-05,13.8,11.4,0.4,24.5
2023-01-06,13.0,9.9,0.0,25.0
2023-01-07,11.2,6.3,1.2,29.6
2023-01-08,10.6,8.3,4.4,25.6
2023-01-09,8.3,5.6,0.8,32.2
2023-01-10,11.8,4.1,3.0,28.3
2023-01-11,12.5,9.0,9.1,27.7
2023-01-12,12.1,9.3,0.6,31.8
2023-01-13,11.3,7.3,2.1,32.6
2023-01-14,12.7,7.2,8.5,35.3
2023-01-15,9.9,5.1,3.3,36.3
2023-01-16,6.6,2.3,9.2,43.2
2023-01-17,3.3,-0.4,3.7,13.5
2023-01-18,5.1,-1.7,0.1,17.1
2023-01-19,3.5,-1.0,4.1,12.0
2023-01-20,6.1,-1.5,0.2,21.1
2023-01-21,3.8,-1.4,0.1,23.4
2023-01-22,3.3,-1.0,0.0,22.2
2023-01-23,3.7,0.5,0.0,22.6
2023-01-24,3.6,-1.1,0.0,19.7
2023-01-25,2.6,0.8,0.0,13.2
2023-01-26,4.7,0.3,0.6,17.7
2023-01-27,4.7,3.3,0.3,22.4
2023-01-28,3.7,-1.2,0.0,20.2
2023-01-29,4.9,-3.3,0.0,13.3
2023-01-30,9.0,3.3,0.0,20.2
2023-01-31,8.2,0.6,0.0,20.5
2023-02-01,9.8,6.1,0.0,24.8
2023-02-02,10.6,4.7,0.0,24.4
2023-02-03,10.2,6.8,0.0,21.1
2023-02-04,10.9,7.8,0.5,14.0
2023-02-05,9.4,4.2,0.1,23.1
2023-02-06,7.0,0.5,0.0,15.7
2023-02-07,6.3,-0.8,0.0,14.8
2023-02-08,6.0,-3.6,0.0,9.8
2023-02-09,6.9,-5.0,0.0,9.8
2023-02-10,9.6,-0.4,0.0,11.0
2023-02-11,8.8,-0.5,0.0,7.4
2023-02-12,9.3,5.9,0.0,15.3
2023-02-13,11.9,-0.8,0.0,9.4
2023-02-14,12.0,-0.1,0.0,10.4
2023-02-15,12.9,-0.7,0.0,12.4
2023-02-16,11.6,3.9,1.3,17.7
2023-02-17,14.8,10.7,0.3,23.7
2023-02-18,12.5,9.3,0.1,23.9
2023-02-19,12.0,5.7,0.0,19.2
2023-02-20,12.1,2.6,0.0,10.3
2023-02-21,14.0,0.8,0.0,8.6
2023-02-22,10.6,6.8,5.5,15.7
2023-02-23,10.1,5.5,0.1,15.8
2023-02-24,10.5,4.7,0.0,17.0
2023-02-25,7.9,1.6,0.0,22.9
2023-02-26,5.2,-0.9,0.0,31.9
2023-02-27,6.5,-1.4,0.0,26.2
2023-02-28,5.2,-2.3,0.0,21.0
2023-03-01,7.3,-2.3,0.0,19.5
2023-03-02,9.4,-2.1,0.0,14.1
2023-03-03,9.2,-0.2,0.0,16.7
2023-03-04,6.8,-1.1,0.0,19.2
2023-03-05,7.3,3.0,0.3,8.0
2023-03-06,7.7,1.9,0.6,17.3
2023-03-07,8.9,3.3,0.3,23.8
2023-03-08,14.1,5.5,18.0,32.9
2023-03-09,14.7,8.9,6.2,31.7
2023-03-10,11.1,4.7,1.9,42.6
2023-03-11,7.3,1.3,3.6,13.9
2023-03-12,14.2,6.6,4.1,24.1
2023-03-13,15.8,11.0,2.1,31.6
2023-03-14,10.6,3.8,5.4,36.8
2023-03-15,10.9,2.3,0.4,11.6
2023-03-16,15.9,5.0,0.0,18.5
2023-03-17,15.9,8.1,7.7,25.3
2023-03-18,15.2,8.8,5.1,23.3
2023-03-19,11.2,4.3,2.0,18.8
2023-03-20,13.3,2.0,0.0,11.8
2023-03-21,14.8,8.3,1.2,21.6
2023-03-22,14.0,8.2,8.1,31.9
2023-03-23,15.9,11.2,1.3,29.5
2023-03-24,15.0,9.7,1.8,36.6
2023-03-25,13.7,8.5,0.2,35.4
2023-03-26,11.5,8.0,7.0,35.5
2023-03-27,9.7,3.7,0.1,21.0
2023-03-28,11.2,3.2,0.6,19.7
2023-03-29,19.6,9.1,0.5,22.2
2023-03-30,15.9,11.6,3.1,28.4
2023-03-31,14.6,10.3,3.7,38.1
2023-04-01,13.4,9.2,2.6,33.2
2023-04-02,9.5,7.1,0.6,24.7
2023-04-03,11.8,3.7,0.0,20.5
2023-04-04,10.8,0.8,0.0,16.4
2023-04-05,13.9,-0.4,0.0,8.1
2023-04-06,14.4,7.9,1.4,24.2
2023-04-07,14.1,5.4,0.4,14.4
2023-04-08,14.3,2.8,0.0,13.0
2023-04-09,17.3,2.8,0.0,11.5
2023-04-10,16.9,7.9,5.3,30.6
2023-04-11,13.2,7.8,5.8,22.5
2023-04-12,12.9,8.4,9.4,31.4
2023-04-13,11.9,5.9,5.1,30.2
2023-04-14,9.1,4.2,6.3,25.4
2023-04-15,12.7,7.0,11.5,25.1
2023-04-16,14.8,2.8,0.0,22.4
2023-04-17,12.5,3.5,0.1,21.4
2023-04-18,15.3,6.1,2.7,22.4
2023-04-19,18.2,7.2,0.0,21.6
2023-04-20,12.2,5.3,0.2,22.9
2023-04-21,13.2,1.3,0.5,8.7
2023-04-22,17.2,5.0,7.1,21.4
2023-04-23,14.6,8.8,6.0,39.0
2023-04-24,14.2,6.9,5.2,22.4
2023-04-25,11.6,5.5,0.9,17.3
2023-04-26,11.9,4.8,1.3,8.7
2023-04-27,18.4,7.0,1.2,13.1
2023-04-28,21.0,13.1,5.8,18.4
2023-04-29,15.8,8.4,0.2,14.1
2023-04-30,17.2,7.7,0.0,13.4
2023-05-01,15.9,9.5,3.7,19.0
2023-05-02,17.2,7.3,0.4,14.7
2023-05-03,19.7,6.5,0.0,18.1
2023-05-04,22.4,11.0,1.2,19.8
2023-05-05,18.5,12.6,4.2,19.9
2023-05-06,20.1,11.5,4.5,12.6
2023-05-07,18.5,13.4,18.0,16.6
2023-05-08,18.9,10.3,0.0,11.5
2023-05-09,16.9,12.6,17.0,22.6
2023-05-10,16.8,9.4,6.4,21.7
2023-05-11,16.4,8.9,6.1,13.8
2023-05-12,15.1,9.0,1.0,19.6
2023-05-13,20.3,10.2,12.2,21.3
2023-05-14,18.9,8.5,0.0,14.4
2023-05-15,16.0,8.1,4.8,19.9
2023-05-16,15.2,5.9,0.0,24.1
2023-05-17,16.1,6.4,0.1,22.9
2023-05-18,17.1,6.8,0.0,19.2
2023-05-19,19.2,7.5,0.0,19.4
2023-05-20,20.0,12.0,0.2,20.7
2023-05-21,21.2,12.5,0.0,20.4
2023-05-22,21.4,11.7,0.0,19.1
2023-05-23,18.9,11.5,0.1,22.6
2023-05-24,19.1,7.7,0.0,23.1
2023-05-25,20.2,10.3,0.0,23.9
2023-05-26,21.5,10.0,0.0,20.5
2023-05-27,23.7,11.5,0.0,16.3
2023-05-28,25.4,12.3,0.0,21.7
2023-05-29,23.4,13.3,0.0,26.6
2023-05-30,21.8,11.8,0.0,24.5
2023-05-31,25.5,11.9,0.0,23.0
2023-06-01,26.2,14.2,0.0,21.6
2023-06-02,20.2,9.8,0.0,21.9
2023-06-03,24.1,10.8,0.0,19.4
2023-06-04,25.3,13.4,0.0,20.2
2023-06-05,25.5,13.2,0.0,20.1
2023-06-06,25.6,12.5,0.0,17.7
2023-06-07,27.3,14.0,0.2,18.7
2023-06-08,27.3,14.5,0.0,17.5
2023-06-09,29.7,15.8,0.0,19.3
2023-06-10,27.6,17.9,0.5,14.3
2023-06-11,25.0,18.5,25.5,15.4
2023-06-12,26.3,16.7,1.0,16.8
2023-06-13,28.2,16.0,0.0,19.6
2023-06-14,28.2,13.7,0.0,13.4
2023-06-15,27.9,14.9,0.0,11.2
2023-06-16,29.3,14.4,0.0,11.8
2023-06-17,30.7,17.5,0.6,14.5
2023-06-18,30.0,18.9,2.8,21.8
2023-06-19,24.7,15.8,1.0,12.3
2023-06-20,26.9,17.9,1.7,22.2
2023-06-21,27.5,16.2,3.8,12.3
2023-06-22,23.7,17.6,19.4,21.9
2023-06-23,26.8,13.8,0.2,14.8
2023-06-24,27.8,15.1,0.0,10.5
2023-06-25,31.4,16.9,0.0,22.7
2023-06-26,23.3,15.7,0.0,19.3
2023-06-27,24.9,13.7,0.0,16.4
2023-06-28,25.5,15.4,0.8,11.0
2023-06-29,25.3,19.4,0.8,20.1
2023-06-30,24.6,15.6,0.4,23.6
2023-07-01,23.2,17.0,2.6,26.8
2023-07-02,23.5,14.0,0.0,20.6
2023-07-03,24.7,15.1,0.8,21.3
2023-07-04,22.4,12.6,4.0,24.5
2023-07-05,21.9,11.9,0.8,26.5
2023-07-06,25.8,12.5,0.1,11.5
2023-07-07,30.4,14.5,0.0,20.5
2023-07-08,32.8,20.1,0.4,14.9
2023-07-09,27.7,20.3,7.9,17.6
2023-07-10,29.0,16.8,0.0,13.5
2023-07-11,31.6,17.5,0.1,18.9
2023-07-12,25.0,17.3,3.6,17.3
2023-07-13,24.2,16.2,0.2,19.9
2023-07-14,30.6,15.0,0.4,25.7
2023-07-15,25.4,20.3,1.5,30.8
2023-07-16,25.0,15.6,0.0,26.4
2023-07-17,24.9,14.0,0.0,19.9
2023-07-18,28.7,14.0,0.0,13.5
2023-07-19,24.4,16.6,0.0,21.1
2023-07-20,25.7,13.8,0.0,14.5
2023-07-21,24.4,15.1,2.0,19.2
2023-07-22,25.6,13.1,0.0,23.3
2023-07-23,24.0,17.1,6.8,31.6
2023-07-24,23.3,17.2,14.1,26.0
2023-07-25,20.2,14.9,15.6,17.3
2023-07-26,23.2,12.1,0.2,17.4
2023-07-27,22.8,17.6,17.1,28.2
2023-07-28,24.1,17.9,7.9,17.3
2023-07-29,23.1,16.9,5.9,19.4
2023-07-30,22.6,14.5,0.1,22.3
2023-07-31,22.5,16.8,8.0,31.1
2023-08-01,21.7,15.7,2.4,30.1
2023-08-02,23.1,16.9,23.4,44.3
2023-08-03,18.7,16.0,5.5,32.2
2023-08-04,21.0,14.3,3.4,15.1
2023-08-05,19.2,12.7,6.4,30.7
2023-08-06,19.2,13.3,1.6,30.2
2023-08-07,21.4,12.2,0.3,16.1
2023-08-08,22.9,14.3,0.6,16.7
2023-08-09,23.1,16.3,0.0,15.4
2023-08-10,25.9,13.9,0.0,12.8
2023-08-11,27.3,17.3,3.3,14.9
2023-08-12,25.5,19.3,4.5,19.7
2023-08-13,23.1,16.0,0.0,16.4
2023-08-14,26.8,15.6,2.1,18.9
2023-08-15,23.9,16.5,0.7,11.9
2023-08-16,25.9,15.9,0.1,12.1
2023-08-17,27.5,17.0,0.8,13.4
2023-08-18,31.1,17.8,0.3,12.0
2023-08-19,26.8,20.0,7.0,14.5
2023-08-20,29.4,17.2,0.4,15.0
2023-08-21,27.3,16.5,0.0,11.7
2023-08-22,29.3,16.3,0.0,12.4
2023-08-23,30.7,17.6,0.0,12.4
2023-08-24,26.2,19.8,18.1,20.5
2023-08-25,22.8,17.6,23.2,17.9
2023-08-26,21.4,14.1,0.8,21.7
2023-08-27,21.1,12.5,1.1,19.9
2023-08-28,20.7,13.4,1.7,12.0
2023-08-29,20.6,11.3,1.0,12.2
2023-08-30,20.0,12.9,2.6,20.5
2023-08-31,19.0,12.6,16.2,21.7
2023-09-01,23.4,16.7,3.2,21.6
2023-09-02,27.8,15.5,1.6,15.5
2023-09-03,29.7,17.4,0.0,15.4
2023-09-04,29.2,17.0,0.0,18.7
2023-09-05,32.1,17.8,0.0,10.5
2023-09-06,32.0,17.3,0.0,11.0
2023-09-07,30.8,14.9,0.0,10.5
2023-09-08,34.0,18.8,0.0,9.7
2023-09-09,34.0,19.2,0.0,12.3
2023-09-10,33.8,20.1,0.0,12.1
2023-09-11,26.8,19.0,0.9,13.4
2023-09-12,20.6,16.9,20.8,9.7
2023-09-13,21.7,16.4,1.2,10.2
2023-09-14,23.5,13.6,0.1,8.0
2023-09-15,26.2,12.8,0.0,9.6
2023-09-16,24.4,13.3,0.0,10.0
2023-09-17,24.5,17.1,6.2,16.8
2023-09-18,23.4,16.5,10.1,22.8
2023-09-19,21.3,13.1,0.0,26.6
2023-09-20,23.8,16.4,0.0,30.2
2023-09-21,20.8,14.1,18.1,24.8
2023-09-22,16.7,11.3,8.3,27.4
2023-09-23,17.3,10.5,0.2,13.4
2023-09-24,20.0,8.0,0.0,15.4
2023-09-25,22.9,9.3,0.0,9.8
2023-09-26,23.9,12.9,0.0,8.9
2023-09-27,25.2,12.2,0.0,17.4
2023-09-28,21.8,15.7,0.0,17.2
2023-09-29,21.5,13.6,0.1,25.6
2023-09-30,22.0,10.0,0.0,8.8
2023-10-01,25.7,12.3,0.0,11.8
2023-10-02,27.2,13.2,0.0,17.4
2023-10-03,22.0,12.6,6.6,25.6
2023-10-04,19.0,9.4,0.0,9.8
2023-10-05,19.2,9.2,0.0,7.8
2023-10-06,21.5,8.4,0.0,8.5
2023-10-07,23.9,9.9,0.0,8.8
2023-10-08,25.7,10.6,0.0,11.4
2023-10-09,24.6,11.0,0.0,10.0
2023-10-10,27.3,10.0,0.0,12.4
2023-10-11,24.8,12.3,0.0,18.0
2023-10-12,22.3,16.5,5.0,20.8
2023-10-13,25.2,17.3,0.0,31.6
2023-10-14,18.8,10.9,1.1,31.9
2023-10-15,13.5,7.6,0.1,11.9
2023-10-16,13.4,4.3,0.0,21.1
2023-10-17,16.3,4.8,0.0,13.8
2023-10-18,19.2,12.0,7.8,27.4
2023-10-19,21.2,14.7,5.8,26.6
2023-10-20,17.9,12.4,12.4,17.5
2023-10-21,15.3,11.0,7.0,41.4
2023-10-22,16.3,9.4,2.7,26.7
2023-10-23,12.0,8.0,5.7,16.2
2023-10-24,16.1,10.9,2.1,17.6
2023-10-25,15.0,11.5,12.6,27.3
2023-10-26,15.9,11.1,15.0,19.1
2023-10-27,15.2,9.9,5.4,25.7
2023-10-28,15.1,10.2,8.6,34.3
2023-10-29,16.2,11.8,2.5,36.8
2023-10-30,13.1,9.7,8.6,17.3
2023-10-31,15.0,8.2,0.3,22.2
2023-11-01,13.8,11.3,2.2,27.0
2023-11-02,14.0,9.4,3.5,47.3
2023-11-03,10.8,5.8,0.3,24.0
2023-11-04,14.2,7.6,12.3,34.7
2023-11-05,13.6,10.1,1.8,34.6
2023-11-06,13.2,7.9,1.1,28.6
2023-11-07,12.4,6.6,0.9,23.2
2023-11-08,12.5,6.5,4.0,32.1
2023-11-09,12.3,8.6,9.3,28.7
2023-11-10,11.6,6.6,0.4,35.3
2023-11-11,11.9,5.5,0.5,18.0
2023-11-12,13.7,6.2,10.0,22.3
2023-11-13,17.2,11.9,8.3,31.7
2023-11-14,13.7,10.5,2.0,29.4
2023-11-15,12.7,8.6,1.4,24.8
2023-11-16,10.8,7.4,15.2,26.6
2023-11-17,11.5,6.0,1.4,19.1
2023-11-18,14.4,8.4,13.7,24.7
2023-11-19,15.3,11.8,1.6,26.3
2023-11-20,12.7,9.8,7.8,33.8
2023-11-21,12.2,8.3,0.6,18.8
2023-11-22,9.4,4.4,0.0,16.7
2023-11-23,13.2,6.4,0.0,19.2
2023-11-24,11.6,3.5,0.5,25.7
2023-11-25,8.0,2.4,0.0,21.1
2023-11-26,7.1,-0.3,0.0,14.1
2023-11-27,9.3,4.5,6.2,23.2
2023-11-28,7.6,1.4,0.2,22.5
2023-11-29,8.5,0.8,0.0,13.3
2023-11-30,6.5,0.1,1.1,10.2
2023-12-01,3.8,-0.1,0.0,15.5
2023-12-02,3.1,-3.3,0.0,16.2
2023-12-03,4.2,-2.0,0.1,22.3
2023-12-04,9.8,2.3,14.1,29.5
2023-12-05,8.3,5.9,9.3,29.7
2023-12-06,7.8,3.1,0.1,13.7
2023-12-07,6.2,2.3,5.2,19.3
2023-12-08,10.6,5.4,5.8,14.1
2023-12-09,14.3,6.6,25.3,38.3
2023-12-10,13.4,7.1,1.8,33.0
2023-12-11,13.1,8.7,0.0,23.4
2023-12-12,13.0,8.9,6.4,24.2
2023-12-13,10.1,6.5,2.1,19.9
2023-12-14,8.4,6.8,0.3,23.2
2023-12-15,9.6,4.0,0.8,10.1
2023-12-16,9.9,1.3,0.0,8.8
2023-12-17,7.3,1.5,0.0,11.9
2023-12-18,3.9,1.1,0.0,13.6
2023-12-19,10.1,3.5,2.9,25.2
2023-12-20,9.5,4.9,0.3,22.6
2023-12-21,12.0,9.5,0.8,31.0
2023-12-22,11.0,9.4,1.1,30.8
2023-12-23,11.9,8.1,0.4,23.2
2023-12-24,11.4,8.4,0.2,25.8
2023-12-25,12.8,10.7,0.0,27.5
2023-12-26,11.6,10.0,0.4,23.0
2023-12-27,10.4,7.4,2.0,28.6
2023-12-28,12.2,8.7,0.2,29.1
2023-12-29,11.5,8.3,1.3,30.6
2023-12-30,11.8,7.7,0.1,25.3
2023-12-31,10.8,7.7,1.8,38.2
2024-01-01,9.9,5.9,2.1,30.5
2024-01-02,11.9,9.5,14.0,41.2
2024-01-03,12.0,8.9,2.1,32.8
2024-01-04,10.6,6.7,1.3,28.3
2024-01-05,10.3,4.4,0.0,25.2
2024-01-06,7.5,3.4,1.6,22.2
2024-01-07,4.9,1.5,0.1,20.9
2024-01-08,1.0,-3.8,0.3,22.2
2024-01-09,-1.4,-2.4,1.4,16.1
2024-01-10,0.9,-3.9,0.0,11.3
2024-01-11,1.9,-2.8,0.0,15.7
2024-01-12,3.3,-2.4,0.0,15.0
2024-01-13,0.7,-1.7,0.0,10.2
2024-01-14,0.2,-2.6,0.0,10.3
2024-01-15,4.6,-2.4,0.4,17.4
2024-01-16,3.4,-3.8,0.0,11.5
2024-01-17,9.0,-1.5,26.7,23.5
2024-01-18,2.9,-3.0,7.2,22.1
2024-01-19,3.7,-4.2,0.0,9.9
2024-01-20,1.5,-5.3,0.0,13.6
2024-01-21,8.3,-1.6,0.1,33.7
2024-01-22,12.3,8.0,6.2,42.0
2024-01-23,13.2,6.2,0.5,27.7
2024-01-24,13.5,10.6,0.5,27.7
2024-01-25,13.1,9.5,1.1,17.1
2024-01-26,12.1,2.0,1.0,24.9
2024-01-27,7.4,-1.9,0.0,8.1
2024-01-28,9.3,0.2,0.0,12.8
2024-01-29,12.8,5.6,0.0,13.7
2024-01-30,11.2,7.0,0.0,15.1
2024-01-31,11.4,2.6,0.0,14.3
2024-02-01,11.4,5.7,1.1,18.3
2024-02-02,9.2,3.5,0.0,14.2
2024-02-03,11.2,8.7,0.0,17.7
2024-02-04,12.1,8.8,0.0,20.3
2024-02-05,9.7,6.2,0.0,18.1
2024-02-06,12.3,7.5,0.0,29.6
2024-02-07,12.2,10.5,5.9,29.3
2024-02-08,13.6,11.1,7.4,30.4
2024-02-09,14.2,8.9,3.4,30.5
2024-02-10,10.0,5.8,7.4,24.6
2024-02-11,10.5,6.5,1.1,27.4
2024-02-12,10.6,4.3,0.8,13.2
2024-02-13,10.8,2.6,1.9,22.5
2024-02-14,14.8,9.2,0.5,22.2
2024-02-15,17.1,8.7,3.6,14.0
2024-02-16,14.1,7.2,4.4,25.7
2024-02-17,13.8,6.5,0.0,10.0
2024-02-18,11.7,6.5,6.2,23.4
2024-02-19,11.6,9.2,0.6,21.3
2024-02-20,10.8,6.9,0.0,14.9
2024-02-21,10.6,6.8,10.8,30.9
2024-02-22,14.3,6.2,15.6,40.8
2024-02-23,9.1,4.2,2.2,31.4
2024-02-24,8.9,2.0,3.6,28.0
2024-02-25,8.9,3.7,9.4,23.5
2024-02-26,9.6,5.4,8.5,29.5
2024-02-27,9.7,4.1,0.0,27.3
2024-02-28,10.9,0.2,0.0,14.0
2024-02-29,10.4,8.6,1.4,23.6
2024-03-01,10.9,4.3,5.2,35.7
2024-03-02,8.9,5.0,11.2,25.9
2024-03-03,8.8,4.1,3.2,13.9
2024-03-04,11.2,0.3,0.6,12.1
2024-03-05,9.5,4.6,7.5,19.2
2024-03-06,9.6,3.9,3.2,10.0
2024-03-07,12.8,1.2,0.0,19.3
2024-03-08,13.6,2.6,0.0,25.6
2024-03-09,13.6,6.0,4.6,25.5
2024-03-10,10.6,6.2,3.0,15.9
2024-03-11,12.1,4.1,1.6,20.3
2024-03-12,11.6,6.8,5.2,18.4
2024-03-13,14.3,9.2,0.0,16.1
2024-03-14,17.5,5.6,0.0,16.7
2024-03-15,16.1,11.4,6.9,28.8
2024-03-16,14.7,9.6,0.7,21.6
2024-03-17,15.5,9.0,4.6,16.1
2024-03-18,16.2,10.3,3.4,12.4
2024-03-19,17.2,6.8,0.0,10.4
2024-03-20,19.2,6.1,0.0,9.4
2024-03-21,18.1,7.5,0.0,11.3
2024-03-22,17.6,7.2,0.1,17.8
2024-03-23,10.9,5.2,8.3,28.4
2024-03-24,11.4,3.9,0.8,28.3
2024-03-25,12.9,1.7,0.0,21.1
2024-03-26,12.5,6.2,8.0,23.6
2024-03-27,12.5,5.0,1.3,29.0
2024-03-28,12.0,5.6,3.5,39.0
2024-03-29,13.3,8.4,8.2,22.4
2024-03-30,12.1,7.3,11.7,14.9
2024-03-31,14.0,6.2,2.4,22.7
2024-04-01,13.7,6.7,1.7,23.4
2024-04-02,13.9,7.6,0.5,33.7
2024-04-03,16.1,10.0,7.2,28.2
2024-04-04,18.0,12.3,10.8,39.8
2024-04-05,18.1,12.3,4.2,26.3
2024-04-06,24.1,12.7,0.0,23.2
2024-04-07,17.1,13.1,10.6,17.6
2024-04-08,21.4,8.3,8.3,20.3
2024-04-09,12.6,7.8,1.2,31.7
2024-04-10,15.8,5.1,0.0,14.8
2024-04-11,17.8,9.6,0.5,11.4
2024-04-12,22.2,9.7,0.0,13.1
2024-04-13,24.2,10.4,0.0,17.7
2024-04-14,20.1,9.7,0.0,16.3
2024-04-15,13.5,7.0,2.8,39.8
2024-04-16,13.0,6.8,2.8,27.8
2024-04-17,11.9,4.6,1.3,22.0
2024-04-18,12.0,2.8,0.7,15.4
2024-04-19,12.4,7.7,0.8,29.5
2024-04-20,10.3,3.5,0.1,20.6
2024-04-21,10.6,3.2,1.7,28.7
2024-04-22,10.6,2.6,0.6,18.5
2024-04-23,11.3,1.2,0.0,19.2
2024-04-24,10.8,5.0,1.2,27.4
2024-04-25,12.3,1.3,0.2,11.1
2024-04-26,15.3,4.2,3.0,18.0
2024-04-27,16.0,8.5,16.2,17.1
2024-04-28,15.5,9.3,3.9,28.0
2024-04-29,17.8,5.8,0.4,15.5
2024-04-30,18.6,10.3,5.2,22.5
2024-05-01,19.4,11.6,5.1,20.8
2024-05-02,15.2,10.8,7.4,23.2
2024-05-03,15.7,8.8,2.6,21.9
2024-05-04,15.1,6.5,0.7,12.4
2024-05-05,17.4,8.9,1.7,19.6
2024-05-06,17.1,10.5,3.5,18.6
2024-05-07,18.6,8.2,1.1,23.5
2024-05-08,16.3,8.3,0.0,15.4
2024-05-09,19.4,7.3,0.0,11.9
2024-05-10,22.5,9.4,0.0,14.8
2024-05-11,24.7,10.0,0.0,15.2
2024-05-12,24.2,11.9,8.3,12.7
2024-05-13,20.8,14.4,0.0,19.6
2024-05-14,16.7,13.3,17.1,14.1
2024-05-15,19.0,12.2,2.3,14.1
2024-05-16,18.3,11.8,3.2,14.0
2024-05-17,18.4,10.0,0.2,9.9
2024-05-18,20.4,11.4,7.1,12.6
2024-05-19,19.1,11.6,2.0,8.9
2024-05-20,21.3,11.2,10.5,14.5
2024-05-21,19.3,11.8,13.5,11.9
2024-05-22,18.8,11.1,3.9,20.5
2024-05-23,18.9,11.6,8.0,12.3
2024-05-24,18.7,10.4,3.2,16.3
2024-05-25,20.3,10.7,1.1,10.5
2024-05-26,20.6,14.0,3.6,21.9
2024-05-27,16.7,11.3,1.8,18.4
2024-05-28,16.8,10.1,2.0,23.2
2024-05-29,17.4,13.9,17.6,23.8
2024-05-30,16.5,11.9,6.0,24.3
2024-05-31,17.4,10.8,3.6,23.4
2024-06-01,15.0,12.1,2.4,22.7
2024-06-02,17.4,12.4,0.0,19.9
2024-06-03,19.9,7.9,0.0,10.8
2024-06-04,22.0,11.9,1.3,19.5
2024-06-05,18.6,12.8,0.4,16.9
2024-06-06,19.7,8.5,0.0,14.5
2024-06-07,20.5,8.4,0.0,10.1
2024-06-08,21.2,8.4,0.0,19.4
2024-06-09,20.3,8.9,0.0,19.8
2024-06-10,16.6,9.7,3.0,26.0
2024-06-11,16.9,6.8,0.4,16.7
2024-06-12,17.3,6.6,3.0,14.0
2024-06-13,19.5,8.8,0.7,20.8
2024-06-14,21.3,13.1,3.5,26.8
2024-06-15,17.5,11.3,1.7,29.8
2024-06-16,19.7,13.0,4.9,25.1
2024-06-17,21.8,13.8,7.7,13.7
2024-06-18,22.2,14.8,21.4,13.9
2024-06-19,21.3,14.7,1.8,23.3
2024-06-20,22.2,14.8,1.8,15.8
2024-06-21,21.9,15.7,18.6,13.3
2024-06-22,19.7,13.8,3.7,24.3
2024-06-23,23.8,10.6,0.0,19.5
2024-06-24,26.0,13.0,0.0,11.2
2024-06-25,27.7,16.0,0.0,12.3
2024-06-26,29.5,17.1,0.0,14.0
2024-06-27,28.6,18.2,0.2,18.3
2024-06-28,22.0,14.4,0.0,13.5
2024-06-29,22.6,12.7,31.8,18.3
2024-06-30,22.2,14.3,4.2,18.3
2024-07-01,20.0,15.2,1.4,17.6
2024-07-02,20.0,13.7,1.2,16.5
2024-07-03,20.4,11.8,0.2,20.4
2024-07-04,21.4,15.4,0.4,22.8
2024-07-05,23.8,12.1,0.1,18.6
2024-07-06,20.7,14.6,0.1,27.9
2024-07-07,20.8,10.4,0.1,21.1
2024-07-08,22.3,10.8,0.0,12.8
2024-07-09,27.6,16.0,2.6,14.3
2024-07-10,25.4,17.3,0.5,19.6
2024-07-11,23.9,14.9,0.3,15.5
2024-07-12,19.3,14.0,12.4,17.4
2024-07-13,21.0,13.3,3.2,9.9
2024-07-14,22.6,12.2,0.1,9.0
2024-07-15,27.0,13.0,1.1,23.4
2024-07-16,22.7,15.7,0.8,28.0
2024-07-17,24.5,13.3,0.0,10.0
2024-07-18,29.0,14.8,0.0,8.5
2024-07-19,31.9,17.9,0.2,8.4
2024-07-20,30.3,18.7,8.8,12.7
2024-07-21,25.3,18.7,6.4,19.7
2024-07-22,24.5,14.5,0.0,17.4
2024-07-23,23.8,17.3,1.9,24.5
2024-07-24,24.5,13.9,0.0,7.7
2024-07-25,28.0,15.6,0.0,13.3
2024-07-26,23.6,19.1,4.9,10.6
2024-07-27,19.8,16.7,8.0,10.1
2024-07-28,24.5,11.3,0.0,14.5
2024-07-29,29.2,14.5,0.0,12.9
2024-07-30,33.6,19.6,0.0,9.4
2024-07-31,31.2,21.5,7.1,17.6
2024-08-01,28.7,20.3,29.4,13.7
2024-08-02,27.2,18.6,2.7,19.4
2024-08-03,24.2,15.1,0.6,14.8
2024-08-04,23.5,16.2,0.0,14.3
2024-08-05,27.5,13.4,0.0,7.6
2024-08-06,28.3,15.6,0.0,15.6
2024-08-07,23.4,16.5,2.8,13.7
2024-08-08,27.2,16.8,0.1,15.2
2024-08-09,25.3,18.1,0.0,18.5
2024-08-10,27.7,14.7,0.0,9.4
2024-08-11,31.8,17.3,0.0,16.3
2024-08-12,35.2,20.8,0.0,15.4
2024-08-13,27.5,20.0,1.4,17.8
2024-08-14,26.1,19.5,8.9,12.2
2024-08-15,26.0,18.3,0.7,13.0
2024-08-16,25.5,16.9,0.1,17.9
2024-08-17,22.3,17.9,37.7,15.5
2024-08-18,22.0,14.0,6.4,20.2
2024-08-19,22.2,10.7,0.0,9.2
2024-08-20,23.8,14.1,16.2,21.6
2024-08-21,21.0,12.0,0.0,15.3
2024-08-22,24.5,11.9,0.0,17.7
2024-08-23,25.0,15.7,0.1,28.3
2024-08-24,29.2,16.9,2.9,28.5
2024-08-25,21.4,11.7,0.0,17.3
2024-08-26,23.4,12.3,0.0,9.5
2024-08-27,26.0,12.1,0.0,9.1
2024-08-28,30.7,13.0,0.0,15.3
2024-08-29,25.3,16.3,1.1,14.8
2024-08-30,21.8,15.2,13.2,15.5
2024-08-31,25.6,15.1,0.9,13.2
2024-09-01,27.8,18.6,0.2,19.4
2024-09-02,24.5,17.6,0.3,16.3
2024-09-03,22.1,15.9,7.5,14.8
2024-09-04,21.7,15.4,1.6,11.3
2024-09-05,17.2,14.2,29.2,24.3
2024-09-06,22.7,11.3,0.3,11.8
2024-09-07,23.5,15.7,6.2,14.5
2024-09-08,20.6,12.8,5.7,23.9
2024-09-09,20.1,14.8,1.0,27.4
2024-09-10,17.8,11.3,0.1,25.4
2024-09-11,16.4,11.4,4.7,27.0
2024-09-12,15.5,8.1,2.0,22.7
2024-09-13,16.7,7.0,1.9,19.2
2024-09-14,16.6,7.0,0.0,10.7
2024-09-15,18.5,6.0,0.0,9.0
2024-09-16,19.2,9.9,0.4,18.1
2024-09-17,20.9,11.7,0.0,26.0
2024-09-18,23.6,13.4,0.5,27.9
2024-09-19,24.9,15.0,0.0,22.4
2024-09-20,20.9,12.7,4.6,16.5
2024-09-21,23.3,13.1,0.5,17.6
2024-09-22,20.6,15.5,13.9,14.2
2024-09-23,19.4,13.1,8.8,19.3
2024-09-24,18.2,12.7,1.4,27.1
2024-09-25,17.3,12.7,16.0,25.8
2024-09-26,18.6,14.2,11.5,30.6
2024-09-27,15.9,11.8,1.5,30.2
2024-09-28,13.8,7.3,0.7,17.4
2024-09-29,14.9,4.7,0.0,23.2
2024-09-30,18.1,11.6,0.4,34.0
2024-10-01,17.4,11.5,0.1,19.6
2024-10-02,16.5,11.5,1.6,22.0
2024-10-03,14.2,9.1,0.1,20.6
2024-10-04,15.3,5.2,0.0,11.4
2024-10-05,16.4,4.7,0.0,17.5
2024-10-06,16.9,9.8,4.2,20.2
2024-10-07,17.8,13.8,11.8,21.3
2024-10-08,19.2,13.0,0.5,26.0
2024-10-09,17.1,13.2,55.7,28.9
2024-10-10,15.4,10.0,1.3,22.2
2024-10-11,13.8,5.9,0.0,9.4
2024-10-12,15.8,7.3,1.8,15.3
2024-10-13,15.0,8.8,0.0,16.9
2024-10-14,21.5,10.1,0.1,16.7
2024-10-15,20.2,11.0,0.2,18.2
2024-10-16,24.7,15.3,6.0,22.8
2024-10-17,18.3,15.5,12.5,17.2
2024-10-18,16.0,13.4,7.7,19.9
2024-10-19,16.6,11.1,2.7,22.9
2024-10-20,18.5,10.8,0.7,23.8
2024-10-21,21.0,13.0,1.6,28.2
2024-10-22,16.6,9.3,0.0,17.6
2024-10-23,16.7,7.8,0.0,11.9
2024-10-24,18.0,6.3,0.0,13.2
2024-10-25,19.6,12.0,2.0,22.0
2024-10-26,18.2,12.3,5.1,7.0
2024-10-27,16.4,13.1,2.8,10.2
2024-10-28,17.6,10.4,0.0,9.7
2024-10-29,14.7,8.1,0.0,10.6
2024-10-30,15.3,10.3,0.0,12.1
2024-10-31,15.9,10.1,0.0,8.1
2024-11-01,12.0,9.6,0.0,7.6
2024-11-02,12.7,9.3,0.7,16.1
2024-11-03,13.0,7.6,0.0,10.3
2024-11-04,14.5,7.2,0.0,8.8
2024-11-05,13.2,6.0,0.0,7.9
2024-11-06,12.3,8.4,0.0,10.8
2024-11-07,13.7,9.5,0.0,14.7
2024-11-08,11.6,8.3,0.0,10.3
2024-11-09,13.6,8.6,0.0,7.1
2024-11-10,12.0,7.8,0.5,12.6
2024-11-11,13.5,5.3,0.5,18.5
2024-11-12,10.7,7.2,2.1,29.9
2024-11-13,9.1,5.8,0.0,12.8
2024-11-14,12.5,4.5,0.0,7.8
2024-11-15,10.5,6.9,0.1,8.8
2024-11-16,9.5,5.3,0.0,7.0
2024-11-17,10.4,4.0,1.0,12.6
2024-11-18,10.9,6.7,4.3,20.7
2024-11-19,12.2,7.4,24.4,27.3
2024-11-20,6.9,1.8,3.1,23.9
2024-11-21,1.6,-0.6,10.4,22.6
2024-11-22,3.5,-2.2,0.6,20.2
2024-11-23,12.0,1.1,0.0,25.0
2024-11-24,18.0,12.2,0.0,28.7
2024-11-25,18.0,8.5,8.8,25.0
2024-11-26,11.2,7.6,3.4,16.0
2024-11-27,13.3,7.6,8.7,24.0
2024-11-28,9.0,4.1,0.0,8.9
2024-11-29,8.1,1.3,0.0,11.0
2024-11-30,6.6,0.1,0.0,9.4
2024-12-01,11.4,1.1,0.0,14.5
2024-12-02,12.3,7.1,0.5,16.4
2024-12-03,8.4,4.3,1.0,12.6
2024-12-04,7.3,2.7,0.0,10.3
2024-12-05,12.5,4.7,3.4,24.2
2024-12-06,13.8,7.1,2.3,29.2
2024-12-07,11.8,5.8,7.8,30.6
2024-12-08,8.5,6.5,5.6,25.8
2024-12-09,6.6,5.1,1.3,20.5
2024-12-10,6.2,4.7,0.2,15.8
2024-12-11,5.7,4.7,0.0,12.9
2024-12-12,4.7,3.5,0.0,10.0
2024-12-13,3.7,0.1,0.0,8.4
2024-12-14,5.2,-0.4,0.1,10.8
2024-12-15,9.9,3.1,0.0,13.1
2024-12-16,10.7,8.4,0.0,12.7
2024-12-17,8.5,5.8,0.0,13.3
2024-12-18,13.8,6.8,1.4,23.3
2024-12-19,13.8,3.6,4.5,26.6
2024-12-20,8.1,3.2,0.1,15.3
2024-12-21,10.8,6.6,4.8,23.5
2024-12-22,11.4,3.3,18.7,27.7
2024-12-23,7.6,4.9,0.1,22.5
2024-12-24,9.7,5.3,1.1,8.7
2024-12-25,10.9,8.7,0.0,8.2
2024-12-26,8.6,4.1,0.0,8.9
2024-12-27,5.6,-1.1,0.0,5.1
2024-12-28,2.1,-0.8,0.0,9.0
2024-12-29,4.6,1.4,0.0,7.5
2024-12-30,4.1,2.6,0.1,8.7
2024-12-31,5.7,1.9,0.0,16.5
